--
-- PostgreSQL database dump
--

-- Dumped from database version 9.6.8
-- Dumped by pg_dump version 9.6.8

SET statement_timeout = 0;
SET lock_timeout = 0;
SET idle_in_transaction_session_timeout = 0;
SET client_encoding = 'UTF8';
SET standard_conforming_strings = on;
SELECT pg_catalog.set_config('search_path', '', false);
SET check_function_bodies = false;
SET client_min_messages = warning;
SET row_security = off;

--
-- Name: plpgsql; Type: EXTENSION; Schema: -; Owner: 
--

CREATE EXTENSION IF NOT EXISTS "plpgsql" WITH SCHEMA "pg_catalog";


--
-- Name: EXTENSION "plpgsql"; Type: COMMENT; Schema: -; Owner: 
--

COMMENT ON EXTENSION "plpgsql" IS 'PL/pgSQL procedural language';


SET default_tablespace = '';

SET default_with_oids = false;

--
-- Name: granted; Type: TABLE; Schema: public; Owner: trrrjvoppnpdtm
--

CREATE TABLE "public"."granted" (
    "email" character varying,
    "heading" character varying,
    "description" character varying,
    "imageurl" character varying,
    "index" integer,
    "id" integer NOT NULL
);


ALTER TABLE public.granted OWNER TO trrrjvoppnpdtm;

--
-- Name: granted_id_seq; Type: SEQUENCE; Schema: public; Owner: trrrjvoppnpdtm
--

CREATE SEQUENCE "public"."granted_id_seq"
    START WITH 1
    INCREMENT BY 1
    NO MINVALUE
    NO MAXVALUE
    CACHE 1;


ALTER TABLE public.granted_id_seq OWNER TO trrrjvoppnpdtm;

--
-- Name: granted_id_seq; Type: SEQUENCE OWNED BY; Schema: public; Owner: trrrjvoppnpdtm
--

ALTER SEQUENCE "public"."granted_id_seq" OWNED BY "public"."granted"."id";


--
-- Name: secrets; Type: TABLE; Schema: public; Owner: trrrjvoppnpdtm
--

CREATE TABLE "public"."secrets" (
    "email" character varying,
    "secret" character varying,
    "expirationdate" timestamp without time zone
);


ALTER TABLE public.secrets OWNER TO trrrjvoppnpdtm;

--
-- Name: users; Type: TABLE; Schema: public; Owner: trrrjvoppnpdtm
--

CREATE TABLE "public"."users" (
    "firstname" character varying,
    "lastname" character varying,
    "email" character varying,
    "hashedpassword" character varying,
    "secreturl" character varying,
    "registrationtoken" character varying,
    "finalized" boolean
);


ALTER TABLE public.users OWNER TO trrrjvoppnpdtm;

--
-- Name: wishes; Type: TABLE; Schema: public; Owner: trrrjvoppnpdtm
--

CREATE TABLE "public"."wishes" (
    "email" character varying,
    "heading" character varying,
    "description" character varying,
    "imageurl" character varying,
    "index" integer,
    "id" integer NOT NULL
);


ALTER TABLE public.wishes OWNER TO trrrjvoppnpdtm;

--
-- Name: wishes_id_seq; Type: SEQUENCE; Schema: public; Owner: trrrjvoppnpdtm
--

CREATE SEQUENCE "public"."wishes_id_seq"
    START WITH 1
    INCREMENT BY 1
    NO MINVALUE
    NO MAXVALUE
    CACHE 1;


ALTER TABLE public.wishes_id_seq OWNER TO trrrjvoppnpdtm;

--
-- Name: wishes_id_seq; Type: SEQUENCE OWNED BY; Schema: public; Owner: trrrjvoppnpdtm
--

ALTER SEQUENCE "public"."wishes_id_seq" OWNED BY "public"."wishes"."id";


--
-- Name: granted id; Type: DEFAULT; Schema: public; Owner: trrrjvoppnpdtm
--

ALTER TABLE ONLY "public"."granted" ALTER COLUMN "id" SET DEFAULT "nextval"('"public"."granted_id_seq"'::"regclass");


--
-- Name: wishes id; Type: DEFAULT; Schema: public; Owner: trrrjvoppnpdtm
--

ALTER TABLE ONLY "public"."wishes" ALTER COLUMN "id" SET DEFAULT "nextval"('"public"."wishes_id_seq"'::"regclass");


--
-- Data for Name: granted; Type: TABLE DATA; Schema: public; Owner: trrrjvoppnpdtm
--

COPY "public"."granted" ("email", "heading", "description", "imageurl", "index", "id") FROM stdin;
hejfelix@gmail.com	Nintendo Switch Case	Gerne med screen-protector (beskyttende film til skærmen)	http://images.pricerunner.com/product/400x400/1652117743/Nintendo-Nintendo-Switch-Carrying-Case-Screen-Protector.jpg	0	8
hejfelix@gmail.com	TP-Link TL-PA4020P Kit Powerline AV500 2-Port Adapter W AC P/T 500Mbps	Til kontoret	https://media.dustin.eu/image/139292/400/320/tp-link-tl-pa4020p-kit-powerline-av500-2-port-adapter-w-ac-pt-500mbps.jpg	0	13
hejfelix@gmail.com	Microsoft Windows 10 Home 64bit Engelsk	Til stationær computer	http://i.imgur.com/vgDnqyC.gif	0	14
hejfelix@gmail.com	Regulator med manometer	Til gasgrillen :D	http://www.gasgrill.dk/media/catalog/product/cache/1/image/17f82f742ffe127f42dca9de82fb58b1/2/0/2016-08-04_10.32.31.jpg	0	15
hejfelix@gmail.com	Prey 2017	PC spil. Gerne til steam.	https://prey.bethesda.net/assets/meta/Prey_box_shot.jpg	0	16
hejfelix@gmail.com	SSD 500GB	Jeg har 2 harddiske i min computer i øjeblikket; de larmer, og de er langsomme!\nAlt imellem 250 og 500 GB ville også være fint :)	https://s-media-cache-ak0.pinimg.com/564x/fd/e1/23/fde1235f4bc1936c3964d299eb272789.jpg	0	17
hejfelix@gmail.com	Logitech MX Master	Trådløs mus med lithium-batteri	http://images.pricerunner.com/product/400x400/1554121270/Logitech-MX-Master.jpg	0	18
hejfelix@gmail.com	Horizon Zero Dawn		http://vignette1.wikia.nocookie.net/horizonzerodawn/images/d/d4/Horizon-zero-dawn-box-art.jpg/revision/latest?cb=20160616210605	0	19
hejfelix@gmail.com	Reason 9 Upgrade	Kan fås her https://shop.propellerheads.se/product/reason-9-upgrade/	https://a.phcdn.se/static-live/img/reason/boxshots/r9-boxshot-reasonUpgrade.2f542ac5f9d1.png	0	20
hejfelix@gmail.com	Gerton (IKEA)	Bordplade i bøgetræ. 155x75 cm.	http://www.ikea.com/dk/da/images/products/gerton-bordplade__30753_PE119404_S4.JPG	0	21
felix_og_louise	Dannebrogsstander	Langkilde & Søn - 5m. Ikke vimpel!	https://sw5851.smartweb-static.com/upload_dir/pics/Vimpler-Standere/317x317pxl_dansk_stander_1000x1000low.w610.h610.fill.jpg	0	22
felix_og_louise	Parasolfod på hjul	Stor diameter og helvedes tung	http://www.harald-nyborg.dk/images/800/7379.jpg	0	23
louisebjaert@gmail.com	Faaborg Pharma Ultimate hudpleje	Cleansing mousse, skin tonic, dag- og natcreme	http://images.fyens.dk/85/3213685_900_900_3_0_4153_2769_2.jpg	0	24
louisebjaert@gmail.com	Pure n nice volume cream	Til håret. Kan købes på apoteket	http://pure-n-nice.com/wp-content/uploads/2015/03/10_volumecream-1-337x600.jpg	0	25
louisebjaert@gmail.com	Ecco soft 7 Ladies sko	Kæææft, de er flotte! Str. 41	https://krm-stc.azureedge.net/-/media/Images/Ecco/Products/LADIES/Blue/ECCO-SOFT-7-LADIES/430003-02287-main-nfh.jpg?Crop=true&Size=DetailsMedium	0	26
louisebjaert@gmail.com	Clinique high impact lip colour	Hverdagsfarver, der ikke må være for pink. Også gerne med matchende lipliner, men dette er ikke et must.	http://www.clinique.dk/images/products/250x250/clq_6LX5_250.jpg	0	27
louisebjaert@gmail.com	Ecco Bella sko	De sidder altså fantastisk, de her! OG så er de vildt flotte! Farve som på billede. Str. 41	https://krm-stc.azureedge.net/-/media/Images/Ecco/Products/LADIES/Blue/ECCO-BELLA/282093-02287-pair-nfh.jpg?Crop=true&Size=DetailsMedium	0	28
louisebjaert@gmail.com	Clinique superprimer faceprimer	"Colour Corrects Redness"	http://www.clinique.dk/images/products/250x250/clq_Z17W_250.jpg	0	29
louisebjaert@gmail.com	Tommy Hilfiger flip flops	Den "billige" model til ca. 299. Farve og model er underordnet, bare giver synes om dem. Det SKAL dog være en model med skumbund.	https://fastly.stylepit.com/common/311700/510/311700_4_3_510.jpg?width=480&height=600&quality=85	0	30
Bipa@ofir.dk	Fiskars piskeris og dejskraber	Gerne hvid og orange.\nØnsker også silikonepensel.	http://www.fiskars.dk/var/fiskars_main/storage/images/frontpage/products/cooking/utensils/functional-form-dough-scraper-1023615/5032368-1-eng-EU/functional-form-dough-scraper-1023615_productimage.jpg	0	31
felix_og_louise	Flensted Mobile Tango Blue		http://www.flensted-mobiles.com/showThumbnail.php?source=images/6/133b_tango_blue.jpg&height=600&width=380	0	32
felix_og_louise	The Binding of Isaac Switch		http://media.nintendo.com/nintendo/bin/BT5J80VlZ26vxZuge2Vu0RYuUM62uAkM/q9RT-pyPRP7_83iZTZlKbAKVitlTpuOA.png	0	33
felix_og_louise	Mario Kart 8 Deluxe Nintendo Switch	Til nintendo switch	http://media.nintendo.com/nintendo/bin/5ilkA0Fdb524PxC-MeU6u5xV1d_of7be/aRcKLbRChTkJ7FbNIBu3oLiGwJSeaUUT.png	0	34
felix_og_louise	Holmegaard Cabernet	Rødvins- (69 cl), hvidvins- (52 cl), vand- (36 cl) og champagneglas.	https://www.holmegaard.dk/media/322881/vinglas_cabernet_244x360px.png	0	35
felix_og_louise	Whiskeyglas		https://static.imerco.dk/produktbilleder/lyngby-glas-whiskyglas-31-cl-2-stk.webp?i=5722009161166_5722009161166_1&w=460&h=343	0	36
felix_og_louise	Old Farmer Grillbestik		http://www.homeme.eu/PartnerFiles/DesignMe/images/products/64-IGE18.jpg	0	37
felix_og_louise	Züny Dørstopper		http://www.babybusiness.dk/wp-content/billeder/2013/06/zuny2-e1370290863791.jpg	0	38
felix_og_louise	SodaStream Source	Sort eller hvid - surprise us! 	https://media.kaffekapslen.dk/media/catalog/product/cache/1/image/265x265/9df78eab33525d08d6e5fb8d27136e95/s/o/sodastream-source-black.jpg	0	39
felix_og_louise	Grillpande Støbejern		https://testguro.dk/wp-content/uploads/grillpande-test.png	0	40
felix_og_louise	Stor Teflonpande	The bigger the better. Bonus, hvis den kan gå i opvaskeren (Det kan Raadvads Royal Plus-serie f.eks.)	http://images.pricerunner.com/product/image/1556037186/Raadvad-Royal-Frying-Pan-28cm.jpg	0	41
felix_og_louise	Tilskud til gardiner		https://s7d1.scene7.com/is/image/BedBathandBeyond/8192963288070g?$478$	0	42
Bipa@ofir.dk	Lang vest med lynlås og lommer	Str.XXL eller mere, 46-48. Blå, grå.\nMed lynlås og lommer med lukning.\nIkke for tyk og varm.	https://www.fotoagent.dk/single_picture/10649/138/medium/505733.jpg	0	43
thomas.palludan@gmail.com	Super Nintendo Classic Mini SNES konsol		https://i.kinja-img.com/gawker-media/image/upload/s--9iKijDNE--/c_scale,fl_progressive,q_80,w_1600/vqushpf458luyad2y1ob.jpg	0	44
thomas.palludan@gmail.com	Væktøjskasse (Stor)	En ordentlig stor væktøjskasse/kiste til mit værktøj. Hellere masser af plads en mange rum.	https://medieserver.jemogfix.dk/api/v1/products/GetPrimaryProductImage?productGroupNumber=3140&productNumber=9046764&shopLanguage=1&previewSize=700	0	45
hejfelix@gmail.com	Joy con	Til Nintendo Switch	https://encrypted-tbn0.gstatic.com/shopping?q=tbn:ANd9GcSzp7sBcvQ5aPayKmR1ZB_pBlxCexitoGusWrMCvZu6KD1et8vFzodjFjLHoaiKOhxh2hO40q4E&usqp=CAE	0	46
hejfelix@gmail.com	Mario + Rabbids Kingdom Battle	Spil til Nintendo Switch	https://images-na.ssl-images-amazon.com/images/I/81DEtGHy41L._SL1500_.jpg	0	47
hejfelix@gmail.com	Nintendo Switch AC Adapter	Oplader til Nintendo Switch	http://images.pricerunner.com/product/400x400/1652139090/Nintendo-Nintendo-Switch-AC-Adapter.jpg	0	48
Bipa@ofir.dk	Føtex DAB plus transistorradio		https://encrypted-tbn1.gstatic.com/shopping?q=tbn:ANd9GcR1GYbLBepD1hPECVMTieJpYxcsOgClzd5Q0AjBv-IcWTzqPuV2GHc2sWZ6TR453w18AZwXicvV&usqp=CAc	0	49
hejfelix@gmail.com	Bloodborne PS4		https://gamehypermart.com/image/catalog/ps4/ps4-games/ps4-bloodborne/ps4-bloodborne_1.jpg	0	50
Bipa@ofir.dk	Hårbørste	Denne er i træ med vildsvinehår, men mindre kan også gøre det.	https://www.smarthair.dk/media/catalog/product/cache/1/image/350x350/9df78eab33525d08d6e5fb8d27136e95/2/1/216015_vildsvineb_rste.jpg	0	51
Bipa@ofir.dk	Bedrollers	Flade plastkasser med hjul og låg til opbevaring af ting og sager under sengene. 	https://bilkadk.imgix.net/medias/sys_master/root/hcb/h63/9078250504222.jpg?w=1050&h=1050&auto=format&fm=jpg	0	52
louisebjaert@gmail.com	Træningstøj til pole 	Småbitte shorts i str. L, fede sports-bh'er med bryderryg i str. M, lange tights i str. L (til yoga/udstrækning), Tenniskjole med ben og bryderryg str. L, lang langærmet trøje str. M (til yoga/udstrækning). Der må gerne ske lidt og være farver på! Jo flere, jo bedre!		0	53
louisebjaert@gmail.com	KnitPro WAVES Hæklenålesæt 	Okay, okay, mærket er egentlig underordnet, men jeg ønsker mig fine, gode hæklenåle i forskellige størrelser. Og se lige det flotte sæt her :) Ved køb enkeltvis har jeg str. 7-10 i forvejen. 	https://cdn.shopify.com/s/files/1/0804/3097/products/knitpro-waves-pink_1024x1024.jpg?v=1476437021	0	54
louisebjaert@gmail.com	Ego - rød	Spil	https://s3-eu-central-1.amazonaws.com/plusbog-covers/plusclubmaxi/5704029000052.jpg	0	55
\.


--
-- Name: granted_id_seq; Type: SEQUENCE SET; Schema: public; Owner: trrrjvoppnpdtm
--

SELECT pg_catalog.setval('"public"."granted_id_seq"', 55, true);


--
-- Data for Name: secrets; Type: TABLE DATA; Schema: public; Owner: trrrjvoppnpdtm
--

COPY "public"."secrets" ("email", "secret", "expirationdate") FROM stdin;
bjaert@hotmail.com	62fc328a-df02-49fd-a68b-39c526cf6a07	2017-06-08 18:02:18.809236
felix_og_louise	cdb2b52e-3704-45ae-be7d-10a27f50059c	2018-04-21 07:38:17.526814
Bipa@ofir.dk	d409dc86-8375-4afa-a033-0e895e31a9fc	2018-05-01 17:12:03.151113
louisebjaert@gmail.com	567e7d2a-e797-429a-be0a-afb61844f9cb	2018-05-06 16:05:01.248976
hejfelix@gmail.com	9318298a-c1b2-46ea-8ad8-d83f580d9cb6	2018-05-06 16:22:37.496703
test	1860734c-76b8-4a46-8d94-184f69073501	2017-09-20 09:29:48.745048
thomas.palludan@gmail.com	681233a4-7ec2-4d5d-9b5d-911f38f4121b	2017-12-22 18:00:52.219711
\.


--
-- Data for Name: users; Type: TABLE DATA; Schema: public; Owner: trrrjvoppnpdtm
--

COPY "public"."users" ("firstname", "lastname", "email", "hashedpassword", "secreturl", "registrationtoken", "finalized") FROM stdin;
Felix 	Hargreaves	hejfelix@gmail.com	$2a$10$csBu9HAVFvCzYT8VQTQ/KedWt2tI9.r122QNk8PthXAyKs8oZrvRW	f8b19729-5633-4e6f-886a-239b7166d980	0b12033d-8a68-4889-aee8-6e7cea9038f9	t
Louise	Bjært	louisebjaert@gmail.com	$2a$10$daee5pU3IcHPfa.323bj/eISrUHq3t4Re6xTZ6cAkSN4sok2OxD3y	fcccb7be-0371-46c9-ad39-a1b49ca2d032	1c672e58-05ad-482f-a9b9-c13b8e0570be	t
Birgitte	Knudsen	Bipa@ofir.dk	$2a$10$vj7Z3jdzksommgRPCK3jYev5kWLVLGQNrD4ctteti2R4OWudlYGce	c5724946-e046-4787-9eaa-e5b6b0f48a75	bb2efc7d-2307-46f1-8b99-7a797139af62	t
Felix og Louise	Snyd	felix_og_louise	$2a$10$hJQT08c7x/2pDy5IwOOpNOcdNP8Exuek15GkgEhzVfcN9hMKNR6Rq	6b8e2af4-6f93-4a28-a9a6-546817232217	42	t
Mathias	Bjært	bjaert@hotmail.com	$2a$10$xr7DiR1XBEQ9/46tW53zDOMtF58rkg1eCYenHqMaTDVl/LR.y26pC	f668ed7d-c4c5-4199-b904-224d13932c17	297eacb8-5ab6-4f3e-8bf9-6143102d8e31	t
Test	User	test	$2a$10$Bn3c4eYQ06opyaW7QXgadeva5cOxuuB7ffVelZBccqSGmNdfkPpeO	74db51eb-a11e-4c4d-8b0a-e8763d6b705e	\N	t
Thomas	Hargreaves	thomas.palludan@gmail.com	$2a$10$Sqj0N/17IJ1cZb/Pc6U9VuFL8k9jHPHl7PHrf0ABu.E1UjtAL134K	36e48ac6-2a7a-4864-af6f-27bd26d727a8	d8292fab-96cc-4a4b-9f8a-3bb1f8a5d2c5	t
\.


--
-- Data for Name: wishes; Type: TABLE DATA; Schema: public; Owner: trrrjvoppnpdtm
--

COPY "public"."wishes" ("email", "heading", "description", "imageurl", "index", "id") FROM stdin;
louisebjaert@gmail.com	Lisbeth Bennedsen DAISY damaskdug	Grøn. Designet af min venindes mor - jeg synes, den er så smuk! Gerne med matchende servietter :)	https://s-media-cache-ak0.pinimg.com/736x/84/2e/34/842e34db4b236f5e05f9144c5a8136eb.jpg	0	7182
louisebjaert@gmail.com	Elegante sølvsmykker. 	Eller hvidguld. Eller diamanter. Eller brillanter.	https://www.georgjensen.com/dw/image/v2/BBPS_PRD/on/demandware.static/-/Sites-master-catalog/default/dw4854e5b2/images/hi-res/pack__10011637_MAGIC_RING_1560_WG.png?sw=610&sh=610&sm=fit	1	7183
louisebjaert@gmail.com	LEGO Star Wars Millenium Falcon	Det kan være fornuftigt at alliere sig med Felix.	https://www.legeland.dk/media/produkter/lego/star_wars/lego_75192_boxshot/lego_75192_boxshot_large.jpg	2	7184
test	En anden kat		https://pbs.twimg.com/profile_images/839928218710855680/B6JS6Aip_400x400.jpg	0	4711
test	ko		https://upload.wikimedia.org/wikipedia/commons/thumb/d/d4/CH_cow_2_cropped.jpg/1200px-CH_cow_2_cropped.jpg	1	4712
test	Cat	It has to come wrapped in brown paper. This is non-negotiable!	https://i.ytimg.com/vi/tntOCGkgt98/maxresdefault.jpg	2	4713
test	Red Ball	I had one, but I lost it. It needs to have dog-saliva on it, otherwise it's of no use to me.	https://www.cesarsway.com/sites/newcesarsway/files/styles/large_article_preview/public/The-stages-of-puppy-growth.jpg?itok=9ptPJwY8	3	4714
test	Fiat Multipla	I have given up on life.	https://www.moma.org/interactives/exhibitions/1999/differentroads/images/multipla_horiz_popup.jpg	4	4715
Bipa@ofir.dk	Hejsependel til Spisebord	PH-agtig lampe med mulighed for at hejse den op og ned efter behov.		0	6947
Bipa@ofir.dk	Tur til Dyrepark	Givskud  /   Knuthenborg		1	6948
Bipa@ofir.dk	Foldehegn	Til at sætte op for vinden i haven.		2	6949
Bipa@ofir.dk	Solvogn	Gerne billig plastik til at smide sig på i haven.		3	6950
Bipa@ofir.dk	Benvarmere	Sort, blå, grå, lilla. Til brug mod nattekrampe i læggene.	https://encrypted-tbn0.gstatic.com/shopping?q=tbn:ANd9GcSRyQP8dl6gNm972ys_ZvDBkq6MyYpY-OpbblHYHOagNdGFspZHfKBbTUlv2ooktow87gA2rfo&usqp=CAc	4	6951
Bipa@ofir.dk	Bestikkurv til opvaskemaskine	Gerne gammel aflagt	https://encrypted-tbn2.gstatic.com/shopping?q=tbn:ANd9GcSD9RN1mEqotZglBB6Jaj-QgPKtPiYpVlwxv9BsoLV8GbDCWn-DO4sJSCr6UcH5MTtrqCfMoc5I&usqp=CAc	5	6952
Bipa@ofir.dk	Bælte til Jeans	Langt bælte gerne unisex ca. 105 - 110 cm. Føtex har nogle fine.\nHar især nydt et med flade nitter, som jeg har slidt op.		6	6953
Bipa@ofir.dk	Nettos  Dame-Sokker	2pak Bodyguide Comfortsokker STR. 39-42\nUDEN ELASTIK I KANTEN		7	6954
Bipa@ofir.dk	Samlering	str.62 i sølv. 4 sammenhængende ringe i puslespil-stil. Den grove type.	data:image/jpeg;base64,/9j/4AAQSkZJRgABAQAAAQABAAD/2wCEAAkGBwgHBgkIBwgKCgkLDRYPDQwMDRsUFRAWIB0iIiAdHx8kKDQsJCYxJx8fLT0tMTU3Ojo6Iys/RD84QzQ5OjcBCgoKDQwNGg8PGjclHyU3Nzc3Nzc3Nzc3Nzc3Nzc3Nzc3Nzc3Nzc3Nzc3Nzc3Nzc3Nzc3Nzc3Nzc3Nzc3Nzc3N//AABEIANMBDgMBIgACEQEDEQH/xAAcAAABBQEBAQAAAAAAAAAAAAAAAQMEBQYCBwj/xABBEAACAQMCAwYCBwYFBAIDAAABAgMABBEFIRIxUQYTIkFhcTKBFCNCUpGhsRUzU2LB0QckcpLhNEOC8BYlRHOD/8QAFwEBAQEBAAAAAAAAAAAAAAAAAAECA//EABoRAQEBAAMBAAAAAAAAAAAAAAABEQISMSH/2gAMAwEAAhEDEQA/APcKKSiilopKKBaKSigWikooFopKKBaKSigWikooFzRmoV3fpACoHG+cACoqG+uz427lD9kbURbFh6UZqsFmV+KRmPvSGIpujsD6GpotM0ZqsS6niOT41/OpsFxHOPCcEcweYqh+ikoopaKSigWikooFopKKBaKSigWikooFopKKAooooCiiigKKKKAooo36UBRRQCKAooooDNV99dMW7mBh/O3SjWb1rOBe6x3kjqgP3ATuT8qaSJeHAG1EJBCEG4yTzY7mpSY2x5VH4SrcQAz160hmKHrWRY7FfWo0o3po3DeRCj86Ze4J5MPcedUOMPX5U2UyeIEhhyIpsTHmTxH0qRG6ucZxQOW92YyEuD/51PBz86gtbg8/0puGZrV+FyWj/Sgs6Kjm8gH/AHB+FAvYCcB6qpFFNieI8mFdhgeTCgWigUUBRRRQFFFFAUUUUBRRRQFFFFAUUVAu7vmqHYczmgfnu44lPm3SqqbVZZW4YiFHnUeZmlJCnAPWnIoOEYG9RCd7cPymIPtXSi7/AIop5I67EfSoG0nvo+pFSE1J1/fRnHoK5BK9aeR+IbAHrQVdwpu3mMpDpJ9hhsF6VJtpO4ULw5iHgUE7/Kp3dwyDDLj2pmSzMeGiOVHk24qjm6u7WBCzMQRzHn+FZDU+08iOBbxoF4sYJJIHq3LPoM+uKu9btbm7XCKFDfvOHmR0HvWduNPsISGmgaRkGAFBOPQDyqCjGr6iXmkNzPJIjcah/h/0hfMe9O293frccY73uyvEwOQof0BqXcXF09qp0q0ELNjhaaLfnv4edN2uj9ptTuRIl7DFakAZaPf12ophte1Nb0zSoWUAKsY3T1wB51t9MlmurYSS2z27H7Lefr7U7p2h21gkZYGedBvNIBxfKrA0Q0veqNpWrjuyc53z1p/FAXeqI5SkKGpYj4q6ESgeJgKggYZeRIrqO6dDvmpMiRY8PET1FQp+7T4jw/Ogs4L4MdyD6dKmxyK42PyrKNKqH6t3+QqdaagQQrkE+WKuq0FFMwTLKowfF5inqoKKKKAooooCiiigKKKi39yLa3ZvtHYUEfVdQS3jKg5PLbmazstzNc54PYAedF6GluQmCzEeHFSBbtb2zCNlE7LgHHwevvU1EUKyheNyh9WokvltPE0+ANyx5UqadJKBx3LcWNzw86o+0HZ/WCe9tpEkhAyQAeL8POs6NTZ6ysuBlJD0Vt6tIZopThHAb7vKvDWupoIZb26te7SNuF370K5wd8KfFV5oHa+B2VIrs8P8Kccj7neqPWihx7006MD4M/3rO23aU23drcOjRyY4CTsc/wBKvU1aI4WSIoxGd+npQSI3OcNkVKQ9TtTCS2sq4WTBx51DuZSspijbjY8lBqiZdzomyAE1WtDDcNll4W5lo+Z96I4meXhf4vNQc4qzghVBh8HoMYAoGINPt3jyLYRDzZjxM3rzqTwJGuEwB0rua4RB8QzVfJeZbAUVA+7AeYposCOdRXuGJwMZ9BTXGTklt6CwU5rppETmcnoNzVW1ykJ3PCPPJrlNQjIzbgux+1TVxcNK4BO0S9c71EnvreEEklmFZrXe0ttps8cF/cd3NICVjzvgfpVfpPaOxlgfULqdYYTlY0Ybls8/Uf1pq/Gpub2Z4+8VGjj8iAdxVcdT06GQxyShpRz4t8VXf/K47shYo+7tvOaRjlv9IqxuYdHmTDoyS4+J1zxfPFEIutL9xeEjIIcH8qS/1O2S2glLBZZpCkQ5EgDJz8qz1xo8cV2LqM/U4z3XLJFc3EFpdRW8F5G6KCJMxnJQ+eCfLFQa3Qtdhupe6jmVmXfwnIx1zWuglEqZBBI514vcW9ksqSaPczwxSZVL+VxmMjfg4R9k16H2a1QXkKTHiR1HBKhGMN5jH5irBqaKQEEAg5pa0CiiigKPlXMrhELHlVLPcz58MhBFEXlUmsTcU/CW8KDGMedMxapNEwU5kz5Y3qBN3kl2zyStg4PAfs/+5qWhyAZlLEePr0qWigLjGfeo8ew2qVCOIjJAHmelQCJweJuQpZNVjiXeIOAM4zWf7Sdo1gngsrKHvZpThAScH1J/oKq5deVVZBGjSIcOAwKL7kfEfQbDrWVOdpotP7RWDOYI1l4ikcnCcsVO4HUevKvP73siVb6mGZeHfA2+ea3tvcQywNdXcveSgchtgeQAqo1fU1i066e0XiWNcM8mSCegx51pGAju9Qsu8tmn4raJiG4m4gp8gp8z6CvSux2vvd6bEs44nAxiTI4hnYq3kee1ZHs3okmvzG5vuGa3tiFWCI4O++/9a9U0fs1H3DW8UKRwMQSAuyn0/DyoISazDJcPaxi4im3I7xOY9DVlawXEtvwBik02e+mHNR5AH2ru57Mqt6ipPxwYzlx9ZF7N0NXSwrBGI412H50EaDgsYlgjGMcs7k+5rozO3M4rmTeTYbim5DgE0HbOBuxzUeWYcvteQrgtxnAx8/KmGkSHP229fOopW7wgkvwDzxzrM6r2j7iUW2nklyeEyk5Zv9NRO03aKbvGsbDxytsSDy9B60ujaZbafEJNTzJfT7RRBsEdd/L3rO1qTPS20yqDJfTcTcWBbIC8jemBuf0HnVuI765QoIpLG3RPGkRBnI9WGyD0GTVt2a7O6RaRLIZQZnJ4gTwnfyyd8VrY4IYouCONRH90CtTiluvmfttc28+pmazhmSNUEeZFOTjbJJ3z6mmrTV7S4lhiuo3i8PBmPC8OK9x7TdmlkjZ4IY5IG+ON0zgedeM9puy50nUGnjgaSwlYoozgrtnINXGWu0eBLmHuIlhk/mMnDleoNby0toUESXkxR/JAvL5nnXg8Gvix06KK1BadXPiORgZzsPUbEVr9DgmvLc3Im77vlBEaT94Y8dRnIFB65FBaDkMkcixya7eztpofrUjIbl4RWA0/VL1RJGlwSqAYjlHInof71pdG1R5OGG8Tu5G2AByD7evpQN32iae8cltLbRC2lPiCjAJ9cU+tlFayM9nCYZWTwtnKsANgBnyq0mgyhG2Kh7xMA/iUHb+Wqq605y1vwsQWGAcVMG9U1pcfR1LcIw3LLV0L+aSQqwVenD0oi388UVCiuHGOI5FTQcjPWqqJftiJV6mqmQgZJqw1B/rOHoKo9Tn7uMgcz051KhsXPC7d37k+QpUJbikc5Zt8mo/AY1SNj4ubgfpT4Oayp5TTerXBtLZQT4mOAM4LdfYU1dX8WnW5u7r4U2CLzc+QFUFpPcdp9QZ7qMLaQkCZQcgnmIwfzJpR1BaS/RZp7XinvpVIF08eRwk/BHn7IG2fPnWdsdOv/wBopFBYSNNEhBjyFJGee53r1iziVkVcAFRgYG2KZ1TR7S9iIuY+AjYSjcj+1MHnp0DU+/hivra4WKQ7cMRwueprQv2P/acUMAja3hhbKsPCcefzPWuL271Xsgv0pJp9Rs1YB0JyOA7fIitZ2d7Sab2hs0uLCYZb/ttsykcxWkc6H2Z0/RbVba1jCoN+EcifMnr86spJOH6qFcYG5A+H/mlmlJbuovj8z90f3pI0EYwKDiOMAbc/1rpkOK7LYqPPPwq24wBzFBAnKrI2++T86hTT8QKjc+eOQpi+1CCGaKKRiJJW4UUAnJ/pVZq2t2OlQHvZQobc4PiY+1ZVPkn7vdRlR5nmfX0rManq9zfTvY6SyM6/vron6uIee/WoWoapf6hpk04g+j2KkBsnLvk4AJ8s9Kq7/SLmburSxuEFpLIoMMJ23xkkjyFRU6ykUyC27OoZ7ni4ZL+ReIBuijz+VbHs72GEU30zU2aScjJklbL+3RRV7ofZ+10e0SO2RG4Vxxrsfl0qQeJcjPKtSJaea1tEhMSQRBCMcgc0lvNLbZ4S0sP3Scsvt/aoU0+4znH3RRHcorAZwT5Gqi+hmjmXijYEeY8/nVXqug2t+pwiq3PBGxpFdWYSxP3T/iDU6G9BIS4HdufP7LfOg8b7Y9gJ9NX6bpFgHkVm4owvEpVvT08q8zlF1p9wA0clq67Fd1r61ubmG0geaeRY40BJLHyrP6hbWWsRRy3dhbtbyDiRXQFn6Et5D0G9B432Quta1G4C2ttcTgAfWFfAvzO1eqCwvDYH6Shd1biUq3wn0qxt5UhCxQRRRomyogAX2qfxd6nE3TFTFVeh6vHdlrO5HdXcfNH2JHWpkqZOMYql7TabPcW/0nTyi30B442K/GBzU+9SezWuRdoNMjukXu7hRwyxNzR6olFApKEkKw2I8jXMMrcTRygi4i35bOvUGpTDiUg1A1C3mlgSa1Yi6tzxxrxbSDzU+4/PFBbo22etWMBzGKpNMuo7u2WWI5B/Eenyq3sj9WfekFdeyAyyb8jVGnFPevLxAxoMD3qP2nNymbiznMUqggnOxGakaZHPDpUAvX47ll45TjG58vlRDcrZnYmnUb1x1z5VGU8Ttv57VW65cPcTwaLaSiO4uziSTH7qL7Tfhmsqr9Uvl1e+AhYmCNjFa8IzxvyZz0UZIz71qtKs47CzitYccCczjHEx5k1kLbU7ewhup+5VII4uJT/ChTZB6s23zNW/ZjtPZa7ADCWhnHx28h8Sn060Gzt2wBiu7+9S2tmkkYKoHiZjsKr1u4beLvZZFCgZOTtWdv8AWIdVH0sIxsoDxQow/fvn4sdBjbrS0PapqEf7HL3HFELoAcL7OqE/ER5HbNVPZDQF1K+i1RDJHHE7ZmTMRlPlsNj705BYz9prqL6fvarIZXYHd8j4f71urZY4IkjiQKiLwgCkE+HgjUhQd+tBkGeWajB8+dEkyohJPKtI7lkVPn61je1vaVrJhY6aqz30iluDO0a/ec+Qo7XdopLOylW1aONyMGaU+GMdfU9B1rySS8uNVlGn6WJXaU8c00hw8p6t0UdKyL19dS1xJa3D6jrFyMPKozw+ijyHSrfsn2JuNRul1DVnkaUnIViW/wDf0FXHYPsRDBDHcHxM4+tlYcz0A8hXp1tbx20axxKABVxWR7S9jf2lpEdtBIUWMcXcx7eLr6n3rzpdNv8AQ7zxgiFSAXXKsle7461B1LSLPUV/zMY4/KQcxVwZHS9WvLSNHYpJA3wyjk3v0NWq6jHOpIYhjuVzyqHJ2evtNmZrbguLQkFkx4vw/qPwqs1GJ0LXNlGSF/e27HBHqKlRc95xMCTtnmKlG34gckfOvPtT1bVNHvDMmbi0de8iAI8OOa58x5dRWu0bW7bVrQXFm+RybI3B6UFmInjB4cnqMbV1HOWBRlyORV9xXKz7c65d8kGiqbtP2duNVK3NjeTlkXDWjyHhcdB8qz1lLNpXE9p3wdB/mdMcnCDPNOh/Wt336qy+vrTN5YRak3EGCXaDwSqN+mPWlEDS9TstSjWSymWTIzjkVPnkdRWltRmDevLdQs73Rr9rxsfSQwdo1AHGBtxD1/pW00TtPY3DLFJIEkcZ4GbdT5jFIRczr4SRzFea6mb3s326jv8AT4nks74YkhTkT5j32Jr0G7uw2RCMgDJOeVZDXr+2NzGFZX7uJy0gOwJI/TFNWtdbXcV5bx3ED8UUq8SsPMV3G2JVrCaFrcdjqMUJk/8ArNSY9w3lFcD4k9jzHvW1DfWIM778qIrYJG0rtRLaybWmoL39u3kHGBIv6N8zWtsmGWHUZqj1WyhuYrWeUuGs5e+Rl55wQfyNWOn3CzxiVG4lI54rSKyeBZpBxjK43B864vWwjEc6lAYLN8hUDUHxGQPibYVmqrZLmO0tZLiUgKqk5JxWSga4e3/aj5ju7/I71zhYbbyAH3mwT6Cp+rF9W1BdNgYfR4SpnPkzE7L/AFrOf4oa9D9ITRNNQgwIEnkzjy+EVkab/D1+zeuR3+l31kblZn+KUZj4V5b52Od8+dWWpf4S2kMy3XZvUJ7KaNuJY5D3ig+/MfnXhem3FzZXUVxbTSRSowIKnFfQPYXt1DqtusFyCs6ABtxhj1B/pW0ZzWF7RWMRg1mwEqZ/fIMxOPccj713oaz6tIihWjEL+M8PhA5Y6V6jf3tvFaZIWXvBhY2+17+lZ6xtYrWIiKNU4mLMFGBk1LFSbeJIIhHGoAG21PB98Z96a4xTckgXJPhz1oJJnC+Y+dZjtT2ostMikWSZePGVjzuxqt7X9qU0+2aC2YG5kHh6LWB/YmoakUu9SYpHIpcF23YdT91aIjXt7q3a/UhFGrFSfDGM8KDqT/Wt9/h9pGj2t01jPcx94SplY4zKfug+S5rJjVoLKOOz0yJ/oi7TScnn339l6Cr2K6s7oW95bw/RVhfBLYOMfzdetTB7fFGkUapEoVANgPKu6xvZbtDe3FqM2c1xaJ4VnB3Ptn4h61pY9TgcZKzR+jxMK2JtFRTfw4yolf0WJjXDXN0/7q3WNfvTNv8A7R/eipn6VV6y2lCP/wCwaIOQQviAf5V3NxMuJZWfrjwj8Kr5dOspwQyBWPMrsR86iPK9du7DS7o2MqzSaey5iMhyUOcknH60aPrQ0ZOOKH6RaXB4u8Q4ZPcVse0HY39oWpjXguFGeFXOGA9DXlDWd7ol1IsfFJ3bFZbeTYr1GKzR6nY67bXcKvHKEZjgcR54q3S5DDBrx+LTodcUyaPKYpEXJhZ8eLp6VcaZ2putHYW2uWshwB9YvPb0oPS1ZfeqfXry/wBMmtr+y3hQlZVxzycjb5U1Ya3a3cfFbziROqjfHtzyKkasjXNipjb4ZFY5HxLjBH4GjUWJl0vtfpPBIoDkcs4dT1Bqituyt293FE9rbSzW6BUumPCz4Jwdt+W2KgaQ6afcsEdlER4UUNnhUE/3ra21/DqCYZjxJjB5FOlJZWrEB+xeo6mipqmsvFb53gs1xn3Y86y3+JPZi30Ts9EdINx3Fq570M3ETxHck9K9JTU5IYyk2Hbksn9xWe1jW9HhtJbe81C2+uBEqu2/CeYxWqw8z7MA9orXUNOnZctCrwtjBjkTkw6HHOt12G1mTVLFIbxgb21PdT+pxs3sa8wsruy0fV5XtLqT6IJCIJAvIeQNa6zvo7DVotcsizwTwRm+QDkrHAcexGfxqD1VDgCuLVDDJLGOQORXUTB1UgjBG2N8iiQsknhXORvWkR38KgVSavOIyoBHETt71dXBx8qz08f0rUgx2CnIrPIZ7VzB2e0Vp2LNO7M+R8Ukh+H8/wAq87t7Wa6E01+V45pjJJLIdz1H/Fei9s4VvtWsLOWNltUxmX7IkOwz8qt9K0JLaVyRE6ADYjJB9PQ1B5DLYFbkNbsJCDkYXYj2/pWm7N6TqOoXSz29qLKAeFpySOPrhR5/lXoVxptsMyfRoC45Huxn8afg4RjC4oJFtH3cSqzFioxljvUgtimeLG9cvIFXc01TjyqqszchWS7QazcTSfRdLDTTefDyQVY6lJcXUi29p4QfjlP2R6DrVjoGgwxDu1YIpOWZube/U0GZ0TskkciahqjG4l+Ihtwp9B5msr2xn1S+1F4UtZYLcEBYgueLHIn+3KvepNLt5IAkfgYDAcf1rPahozBnAfgkIwrlQVNVHjBszYRL9IH0i4dRiA7BT5Z9fSvR/wDD/sSGgTU+0CvJMTxQ27fBGPVfM1I0Ds/pdndj6bbNJfq+TNKxKuefhreW0ykY2yBigBEFQKihVAwABsKYkdo90JGKnjBpmWLNURY712O7bjzNJLdtueIYpiY8EjjbnUSdyV2NQOTXQY+IlvQGmRP12J8s02u+MYFcOj98BjO4OelTRM708+I7VUdqOy8Ot2BuLcrFqUQPDIw2kH3W9PWpst5DEh4JEJU4O+cGurfv79+5U4QjBHUVdXGB7OdlGv7q1v7BJbe7inxJwnMZAO56EHrWr7T9lYJo+G4iDxH4XXYqa22n2Nvp1rHbW0apGigACu55bfgZJmQqRuCaqPm3Xez9/wBnrkXNnJJ3WSVljO6eh6VM7Pds71JO6vJWkQ8+8GSP+a9a1fTLS4LRxgSQsN1IryztN2CuIJu/0rx5P7onBA9/Oosp6fVIJppjAzLklhvg4q90HVpXuYwjAkgI23xAfrXnRtNTtDxy2kpjj2LopYfiNqttP1eaK9tkt434pHXYjkDzrGZXXvMeyJMGTBBqBeaNpuqPw3NtGzkYEoUcQ+dORs2eEKQQcY8sVY20YUA1uOVeV9p+xd1pbCRCJbWVscSpjg/1L0q27CiG/wBGuFaALnMLqeg8vzNeiXXC1tIrrkEdax3ZS3igvda+j/8ATvcq6dMlfFiiNL2XmdtOFvIrK1se68W5Kjkc+oq3bcVSWebXUNj4ZhuOhq8xk7VYIF+eHI88mqiFSLkkjyq51ZOG6YetQuAZ96lA1tDeW15bygHvFDAEdPOmEkFvC8khzhfF7U7cZVGcbFFzmoMdwn00xzY7udSAT50VYTAFOIDKmoEvEj+A1ZaXiWzEM27p4c+tLcWTKeNAGx5URW97LjAGa5+j3ErZaRgv3RUsMgHLDeop+2KM/DnxVBSz6np+lXAjmbEowTkEc/Wra217TplAimXHQ1Oms47hOC5gjmT1XOagP2S0mT6yKHuX6xnH5VcVeWzo8YeOTb+Vs07I5kTgkZWH8wrLf/Gby3Ymy1OTHkknKk49ethwskcyg8w29UXN1bHhy2/mGFMw3Etq3jHEp+0BUFNWu0H19hLjzxvSHV7VzhxKn+tSKiNFb6jFKeESqp6McU+0r8J4SCtZkrb3acUbK/qvOmmhuY8/R7l4m96C4uG8b555qHIwzjNUNyuvoGSG5hbI+Nk3z8qgxDtXGN2sZT5M/ED+lQa9xGi5Y7j1rPdo9cWFY7OzdjPM4GIm8WP6VVRaP2lvrpzqWpCKEjOLfn7birezsNL7PKX4Wedz6vI5/tUU/oWkvxrNdRAS58Kg54RWst4WgQ8LcLN90b1XaVc3k6BksO5XlmY+I/Kpsi37jCvEh8gRmtSFuu5kdsZkcj1NRpTHGuXZR65qO2n38xzc3Yx5BBiuDpsQ+Nmc+pqoZn1K2jOO84ieQG9NqqXyHKlf5XHOpItYI/hjUHrikldYx8QHzqCE1m0Cd2q5iBzw0wlpHKeIwBWGwOBkfOpyX8JbgfiJPmNxToaAHwyAk8h5/hQJaWwTdvLlU9dhkjA9K5jRuDiYcI9aimYyS8JbEcfiYdelBX9oNRRraWAOyrjd15+1JoGntZQTiQYaSTiPptsKgXCCafMiceJO9znZiNwPlWkt1+qU9cEnrVHEgAZXOxWrWyPejIPlUIxKedT9KTJffYDagb1uLEiy+R2NVfnkcq1FxCk8TRuMg1n5rZrdyjj2PUUojSAtGwHmKpEtUvNNEErESxyNwOOamr9l2qtltzBM0sXwv8a/1FRYZ07UJdPuha36AA/DKBs3/NaFJoplDRuMelVVuYr6Io6BynNSPiFImnvF9bps2Iyf3bnI+VBaSpG+SygnrUNrPOTC2GqM97LC3BMjI/5Gn7a+TOX8J60CpJe2jDhUyIPKp0Gr27jhnQxP68qet5EmAKEEHzp17SCYfWRI3yqwBuYTHmKRGB8s1Ae8iyfHj0zTkuiWrA92DH6KaqrrQZICDFcHhJ5MaUWK3kDAgMPWk7yBjsEb3qkbTLyMkq4ZfShYrlTsjZqai2eG1kfi7lQw812/Snlt4mG3H+NUi/Tkk+FsUr6lfWw8VuSvWpovPoiFcBm/EUi2EgB/zSqOnBWcm7SyZ4MFCdshc4qM13cqe8i1F5AeamEjFNGrislZsSTu/t4an29jbQnMcKg9eZrMW+r3SKpUO+38M1KXXNUdT3WnyMf9OKaNSF2x5UjDbas0l72hl+GzCHy42xTNxp/ay8zxXltbofJck1dGhuJY1bBkA+dVV3qVrCSWnjwP5qgp2PkdeLUdUuZm8wh4RSjslpEThzbmRh5yNxfrQQrvtFZElEuUJ6J4j+VRUuZrn9zaXEin7bjgH51oorK1t9oLaOPH3VArp4+L0oKu10+abAmkEK+Sxc/xq8tLSC2Ud2mD5seZ+dRA0Ft4pJNjTH7YMxMdhC1w/UbIvuaCzvZAkDMSBj5Vn42lu2fuJAsIH1k4GzAeS9fepV9aSdx32ouZnPwwJngz69ahQSuLb6MoLMww4Q8vQUDUgDi2SIcyRt0J3rTRDC4HIcqq9O0/u3EkgHF9hRySrhF8qQGPKrXToTFAC2zN5dKZtbMnDy7DyXzNWOK0Cmp7eOdeGQex6U7RRVDdWUluCQONeuKgumdwK1nMYqFc6dFLungb8qiMtJbgP3sLGKTnkVyJLpH4sAHzxyPyq3nsZIt2TI6jlUR487bis4uk+lQToBOFLU21hDOPB4enDTc1srZJTxdaZVZ4GBjc46Ggd/Zt9b+K1mz6UR6lq9o+JbXvF64p5NW+jkCVdz61Og1u2k2L8PvVEYdp7cAC4t5Y28zjIqQ2sWEycQlXHQin3ubKUePuyD6VCntNPnDcIiJ9KujtLu3dfBKh+dNm5gLcKyIX96r/ANh2YfjR2Q/ymmJNBjH7q5Yf6hUFr8THxjPTNOxqFHi3rPjRZYxhbriHrnP41MtrS7gB7uTfo2TU1FsBCDkxqT7U6iod+FR8qpZxqhP1CwZ6sa5W11wgE3MAb0JoNBEql9gKnwhQMgCsfJba4g/66EZ896LfTdTkTx6tgn7q5NXRtCyqMswA96ae6tl+OZAPesg/Z2eY/wCY1a6YehxXR7I6YU47m6nlxzDSnemi8u9b0+HIa5Tb+YVSXPaiz37lXmbyCKTTUWm6DbHhiskOD8TeKrGO5tYV/wAvHwr6KBQVA1nUrluG10uRf5pSFA+VO/RdYuT/AJi5jhX7sa5P4mrCS/28CHhpk3EkiEAEHy3qBtdHso8PeTSTN5CVs/kKnw3cUSN3cIGPhCjFQo7Z2PjJ9Kmw2znCquT6UDUneXLZduBW5oNz+NdwW6rsqAfrVpb6XIwHeYQfnVlDaRQ44Vyep3rWCstbKR98YHU1ZQWkcO4GW6nyqRj5UVQAUUUUUUUUUBRRRQJgY/pTEtnBL8SAHqNqkUURWSaQvOOQj0YZqLLpMw+Hhf54q9oqYMtNpk2MPbkj0GarrjRYmzxROp6jNbqjFMHm76LIn/T3s6ejHNMpYalE292ki/ga9MMaN8SKfcU2bW3POFP9tTF154TqcW6Qq48/rKDe3xXEljMvqN69ANhaNzgT8K4bS7M84R+NOowcOozofHa3B/8AGun1yQNh7W5A/wD11uf2XZ/wvzpP2TZfwj/upiMTH2gUf/iXB/8A5mu01p3bKwShfVDWz/ZFn/DP+6j9kWX8M/7quDHTarJIMLazH04aSzv7uIv3VpJ4vv8AlWz/AGVZ/wAH866Gm2Y/7I/GmDItcX8r5aPhz/NS9xcPu7gN71sFsLVfhgQU4tvEnwxIP/GmDHpZN9n8hmpMel3D/Yf/AG4rVAY5AD2FLTBnYtElPxKB7tUuLRgvxyAewzVvRTBEj063QbqX/wBRqSkaIMIoUeldUVQUUUUUUUUUBRRRQdYoxRRRBijFFFAYoxRRQGKMUUUBiiiigKMUUUBRRRQGKMUUUBijFFFAYoxRRQFFFFAUYoooDFGKKKAxRiiigMUYoooDFGKKKAxRiiig/9k=	8	6955
felix_og_louise	Foderbræt med tag	Hjemmelavet er lige så fint	https://havehandel.dk/wp-content/uploads/2018/03/121510_Web.jpg	0	6895
felix_og_louise	Skagerak Georg Barstool high	2 stk. i eg	https://skagerak.dk/files/b/0/2798/1930325_Georg_Bar_Stool__Oak__High_01.jpg	1	6896
felix_og_louise	Lyngby Rhombe Tallerkner	Middag-, frokost-, og dybe tallerkner	http://mediacache2.inspiration.dk/28/c7/51f9-dc06-4bab-8e07-3fd73ca075e3/5711507238029.png	2	6897
felix_og_louise	Zwilling Jessica Mat	Knive, gafler, skeer og teskeer (og kagegafler, men de har lavest prioritet)	http://static.imerco.dk/produktbilleder/zwilling-jessica-blank-bestiksaet-16-dele.jpg?i=4009839302305_4009839302305_1&w=370&h=480	3	6898
felix_og_louise	Holmegaard Humle Pilsner Ølglas 62 cl		http://images.pricerunner.com/product/400x400/1574004863/Holmegaard-Humle-Pilsner-OElglas-62-cl.jpg	4	6899
felix_og_louise	Whiskey	Gerne røget	http://www.americanwhiskeytrail.com/sites/default/files/styles/flexslider_full/public/page/field_image/american-whiskey-history.jpg?itok=K5sGlyEO	5	6900
felix_og_louise	Oplevelser 		https://www.idegryden.dk/wp-content/uploads/2016/10/oplevelsesgaver.jpg	6	6901
felix_og_louise	Pizzasten til grill		http://media1.tchibo-content.de/newmedia/art_img/MAIN_ALT_HD_2-IMPORTED/5ae059fb1c7b0f26/pizza-og-bagesten.jpg	7	6902
felix_og_louise	Eva Solo Vandkaraffel	Evt. med ensfarvet neoprenkappe (ikke læder)	https://static.imerco.dk/produktbilleder/eva-solo-vandkaraffel-1-l.jpg?i=5706631029940_5706631029940_1&w=460&h=343	8	6903
felix_og_louise	Fiskegrej	Vi har intet i forvejen	http://www.jjsu.dk/upload/16073/16073-702150.jpg	9	6904
felix_og_louise	Fiskestang	Til os begge	http://flol.dk/blog/wp-content/uploads/2009/06/fiskestang.jpg	10	6905
felix_og_louise	Liggestole	Til haven	https://www.jensen-company.dk/admin/public/getimage.ashx?image=/Files/Images/Udeliv/Havembler/2015/M%C3%B8bler/624995-2.jpg&crop=0&Width=1200	11	6906
felix_og_louise	Fisketegn, helårs 		http://cdn.simplesite.com/i/91/a3/282319407790138257/i282319414638819098._szw480h1280_.jpg	12	6907
felix_og_louise	Studio Arhøj Chug Mug	Vi ønsker os ikke to ens. 	https://cdn.shopify.com/s/files/1/0866/4812/products/StudioArhojChugMugs_3de4b75f-4f9b-423e-a4f2-efcadc8d2dfe_1024x1024.jpg?v=1495674887	13	6908
felix_og_louise	Bosch Batteri 36v 4.0 ah	Uden lader. Passer til både vores hækkeklipper og græsslåmaskine.	https://shopping.coop.dk/produktbilleder/bosch-batteri-4%2c0-ah-36-v-passer-til-36-v-batteriserien-fra-bosch.jpg?id=6506586&w=440&h=440	14	6909
thomas.palludan@gmail.com	Elcykel opgradering kit		https://rull.dk/media/catalog/product/cache/1/image/658x/040ec09b1e35df139433887a97daa66f/h/e/helakitet_5.jpg	5	5931
thomas.palludan@gmail.com	Neverwinter Campaign Setting: A 4th Edition Dungeons & Dragons Supplement (4th Edition D&d)		https://images-na.ssl-images-amazon.com/images/I/61SBo9cfzBL._SX381_BO1,204,203,200_.jpg	6	5932
thomas.palludan@gmail.com	Dungeon Master's Screen (4th edition Dungeons & Dragons)		data:image/jpeg;base64,/9j/4AAQSkZJRgABAQAAAQABAAD/2wBDABQODxIPDRQSEBIXFRQYHjIhHhwcHj0sLiQySUBMS0dARkVQWnNiUFVtVkVGZIhlbXd7gYKBTmCNl4x9lnN+gXz/2wBDARUXFx4aHjshITt8U0ZTfHx8fHx8fHx8fHx8fHx8fHx8fHx8fHx8fHx8fHx8fHx8fHx8fHx8fHx8fHx8fHx8fHz/wAARCAC2AIgDASIAAhEBAxEB/8QAHwAAAQUBAQEBAQEAAAAAAAAAAAECAwQFBgcICQoL/8QAtRAAAgEDAwIEAwUFBAQAAAF9AQIDAAQRBRIhMUEGE1FhByJxFDKBkaEII0KxwRVS0fAkM2JyggkKFhcYGRolJicoKSo0NTY3ODk6Q0RFRkdISUpTVFVWV1hZWmNkZWZnaGlqc3R1dnd4eXqDhIWGh4iJipKTlJWWl5iZmqKjpKWmp6ipqrKztLW2t7i5usLDxMXGx8jJytLT1NXW19jZ2uHi4+Tl5ufo6erx8vP09fb3+Pn6/8QAHwEAAwEBAQEBAQEBAQAAAAAAAAECAwQFBgcICQoL/8QAtREAAgECBAQDBAcFBAQAAQJ3AAECAxEEBSExBhJBUQdhcRMiMoEIFEKRobHBCSMzUvAVYnLRChYkNOEl8RcYGRomJygpKjU2Nzg5OkNERUZHSElKU1RVVldYWVpjZGVmZ2hpanN0dXZ3eHl6goOEhYaHiImKkpOUlZaXmJmaoqOkpaanqKmqsrO0tba3uLm6wsPExcbHyMnK0tPU1dbX2Nna4uPk5ebn6Onq8vP09fb3+Pn6/9oADAMBAAIRAxEAPwDJv727W/uVW5nVRKwAEhAAyaijvrwuB9qnP/bRq7saVYyDe9tGzNySR1NL/ZFh2tYx+FQ7miaOK+23X/PzN/38NI17d4OLqf8A7+Gu2/smw/59Y6xrwwW1w0X9nxY/hznmos0UnzaIwFu71zxdT/8Afxq09PgvJD5lxczrEOT+8OTV4SW9vIoutOWMHoVJrQg/s64k8mNdxC5xk4x+dS031K2WxymoajO9y3kXEqp0G1yKZBfTlG33VyD2IcmumP8AY3mFDAmQcdKleDSUnERgjDEZHHaqtpa4r67HJvf3m3H2iYc/3zmo/t15/wA/U/8A38auqeTRlYqYFIB5ODilk/saNgDBGcgHgUWE3d7HKC+u/wDn6uP+/jUv227/AOfqf/v41dWP7G8kyeTHgcYxzRCNGmYqIEB7BhjNAfI5YXt3/wA/U/8A38akN7ef8/U//fxq61I9IeBpVgTYvXiopG0VEUmBDuGcAUW8wv5HLi+u8f8AH1P/AN/DSG+vAf8Aj6n/AO/jV2VpZ6XeIXitkIB9KnOkWGP+PWOnZicltY4yyvLpr63VrmZlMqggucEZorsjpdlGN8dsisvIOOlFWlYiTuXI/wDVr9BTqbH/AKpfoKdSEFcnrd0JdXiSEM2zh8L05rrK57VWDXThgBsHHH05pSKi7Mh1e/W+WKCzQysDycdKbax3GlXoMsLyxmPbuQZAJxVSZykSurlTyAo7f1rRvbKS0s1njuHZTjcrcg/kKlG1nZamY0c8s7sYnVXk546DNTTWV0L0Q796hSFk5446ZpqXPmyKMom7PJHH8qkF0n2WTKqJFYAMP4qAfMh6XLw6e9obZ/OyfmC5z+NU9l0siGSNwQOdozV/7Za/2esixL527a3t70SwyWSxTXBiZHP3TnimTdorSJcFIJlgYpGfmXgFvfFPKSXksflK4CZLPIMH6U6SZJ5H8nZDGn8R559Kje62RtE0aCRGA3Dof88UaAuYZFa3P2F5V3Bs4aM9WHtRLHKFgzCy/Jy6jJ/ECp2uopWtxDGAx4dSO9QyTOtwVYKmD91l4/OkP3ja8Oi6FvILhCiZ+TIwSPWtiobRQLWMBtw2jkdKmqzFu7Gyf6tvoaKJP9W30opoRCt3bqgVpkBHBGaX7Zbf894/zrzjUZHGpXYDHHnP/M1CHcj7x/OixpyHpv222/57J+dQTnT7ggyvGxHQ7q4KzjE6zmR3Xy4i42n3Axz9anexfZbvDIdswHDdVJz/APEn86LXDlsbGqWPnzj7NJAsYHy4fmpZlur2JIZ7qCKJcfdbrXPPZ3CDczjZgHeCSMf5ND2cyjc0gChN7Mc/KM45H1IosOzOoTS9PSZHNyjIibdpIwfeo00XT1k+e83Rg5CbsYrm57K4gUsWVlAOSrZxxkf/AFqdFZme0SZZW3b8Sjsq+v8AOlyg0zo/7G04O+y7Cxt/DuHBxStpsUwWO41LfGv3RnBrmXs5la4KOSkMmwljjvjP8s/Wg2M6vsaUZBAGT1J9Kdgszp5NOtln820v1hJ4YZBBpG0mya3ZGvAZWYM0meT1/wAa5ZraVIjK8nyA4yDz1x/jSSwyW86RzSbVkwd6kkYz198e1FgszsLiwsZ5opFulRkAB2kfNVRtHtmLAX6mJuSCeawLuwMIDxSZgx/rC+Qee1MawuABmRcMpbqeg/8A1/zosFmd9bzWltAkSzpsQY61J9ttv+e6fnXnq2Vw2drhiIw5G7nBAP8AI1WcsrFdx44PPFFieQ9Ja7t2UqsyEkYAB60V59pzN/aNryf9anf3opkyVhuo+V/aV0Cz585/4fc+9QgRA43Mf+Aj/Gl1D/kKXn/XZ/8A0I1XLVLbNE9C1FL5Rby5XTcMNgdR6dasW3nzuRDPMWPX+nes5TUiyshypIqW2NeZtjSr2NMm62qM5Bbjn8aoSySwynNy7sAVJU5yPz5qD7TIerHpTdxbrUpyW43boP3sQy+dLhhgj15+tW47C6eIlHlEbLg9gR+dURxVuC6ZXBf58dmpuUhxs9xjrMpMrSyhmyM+vf1pmZN27z5Sc9cf/XrZjlintQ8iIgXO1ex6ZNUHcS7wdvynsKlTdinFXKuZCpUzy7W6j9fWht5kWRp5C68q3p9OaU4XrxThyCew6mnzMmyGmSYsxa4lJIwc9/1pRJJjBnlIwRg+h/GlK56dfSmONue5FPmYWF8xtyt58oKgAHHPHTvURCMxJdiTznb/APXpCSOlNzT5mBa05U/tC2wzE+an8P8AtfWijTj/AMTC1/66p/Oiqi7mUyDUB/xMrz/ru/8A6Eaq1d1Fcajdk95n/maq7eaVylsIOKdjjmgLk1JtwKlsdhETmpAvFKid6k28VLY7EW2lYbduR94cVKEGCxOFHU05w2xWaNlQdCwprUWxfhGdPjAOCMiqrJ5cbHHOM1ajZUsogCCRwcev+TVGWXzMgnt1JrOKd7G7aUblSX5sNkkdhTgwjttg5Ytk+uBQkYlbZuxz1p8OIJUMg3+g7Z9K3OZ6shWWWLOM89O+KI5PkJfgZ6mtC+VpSoEaDcM5zVA22Rkt19KNLBqmOI4zUbcdKkCFF2k5HamMOtQaE+mn/iY2v/XVP50UaeMahaf9dk/nRWkTKYupD/iYXX/XV/5mqpq3qI/4mFz/ANdX/marY5FQaIVU71LsG2hRT++O1Q2UkIop3alVelT28Ikch22oFJLfhx+tK5VrIgWKSZljBxuOK07xVa1S3DsVgYKW9eKoQ3rwuxRVGTwxHNaEqj+zoierkvVoyduhls4jhCJkfPnk1W2b+WPTinylST83emg9/U1aVtSW76CGMxgujZ7VJHHsKTSHnOcd6Jf9UNop0cbTRqS3yjgUNglcualCW2zROGjIyGB/Ss7Khz1yOlaVy4OnwxLwFbms26TZLtHGOlJaoezJWAPI6VEyZNOgJIKk5xjFOxUPQ03Q6xA/tK1/66p/OilsF/4mVsf+mq/zorSBjU3E1H/kIXI/6at/M1AMbh71Z1Af8TC5/wCurfzNV1HOfSoNESZ7CpFHAzTIx7VOq5Iz2qGaxVxyjimyzbF8pMZblz147Cp9u2B2AJZR6DH15rNeQ7TheSeSf/rVUVcVR20FWQecqqPb/J/KtZZTIpiZyscC43Dkt+NZFnb+YwZhhVb86tkK0xEqNww2hW6fWrZjbqRTQKcndjPTcetVvvgtuRcDt3/Crkp2XIZ1DyfwelQcB1QqpLcb27U0DQzBIwCRjpVu2z5IA96qHy0YAsfvYbHp7VPaFSzBcnI5J/SpnsXT3sTyK0kZToOvTNUriQOq85fGCMEdKvzOIkLHvVMlZI26ZByD3NKGw6i1G2y7m6Agd6nZeOKgtWKuPUnafpVqTpgVMtyor3RtkMajbD/pqn/oVFLZf8hG2/66r/MUVrAxq7iX6ltQuccDzW/mahC5GB0q3erm+uP+ujfzpioAD9KybNYobCny/Wp0TPNLEnFTBQKhs6qcBkoLW7Rjgk5zWWAzIVxkqccd6125GB1PFZ6LtuYx3DHNVCRnVpa3RZtI9sQ3AAqpY1SPzSlunJ6VpMrsGSPALKc5rN46j1NNO5lKNnYZICTkseuKiK885JqwVyv40xl61aZm0NYKwTqAB3HSpLZhHMAeATg0hH7pSOlRjGTupvVCjo7mpLH5kRz2HaqcFuZCoOBV2Ak245ydtNt0wu/IGABz6+lY3aOxxUrNkf2dYiApycjk0sg4qzLNbhCpfkjg9qY6DYCDmld9R8q6FeyUi/tv+uq/+hUVJajF/b/9dV/nRW8DirKzJbpM3k//AF0b+dM284FWLrAuZznH7xv51EnLD3rBvU6IIcgCAs33R29ajS4VlJPy+1S3D+WhViDxwB2rLLjYQD1601G5bqW2NGJvMy3p09qY0X70uR75/GqweSOFACCDzVmOceXjrgYNJqxqpqW5P5ghBkYgKOOe9ZjlTwvTdV6Zg1scDJJFUVXGAeuaqOxhUd5ABwfehlwTTlHWnOvU9qZFiGNy0RXHSmlM4HNPgVmDooyMZp8ce4E1VyFEsWchRWWQDAHBqlJM6NkZPbGf8+lX8IsR/vVR2nYZB13Uo2LndKwQ7mHnsFbsBnGaet0yNt2bgegFPiJlQqNuMZyfWoSDEyo+0/MCR1ptXEm09C/Z5a8t2KkfvF6/WiprYD7XAR/z0X+YoqqfUjEKzRHdndeT4/56N/OmkhV3d8cVJNzeXP8A11b+dRNAofeAc9xzWL3NYv3Spdo6HLScntUEY9e/NW7jDjZyzDoRUUNu8oyAMetaXViOXXQcuC7fSoixDE96nRcIyhTuJ61F5eSOOM96V0W7olt5GaJgT0PFN/iBHrUjYAwo2j0pmOKQahGN7kdMinld3y8/WkhHzZ9jUqKdxNJsaCFPKVx9eaZANzkHt3/CrO3Cn1xUMIHlyNuww5FJO43oKkkcgZSSCenvVZ/lfyx0zSEkYx1zkmnSDcNw61a0IerIQpGewFM25bFWHOVVcYwOfeo2TjpxQmJqxq2h/wBJg7/vF/mKKraUWF7CpJI3jr9aKun1Iru7RLIcajcA9DI38zUuMnnntVe8BF9cEHnzW/nU0Em8YPWsZrW5pDYaluqyltoAHQj3pkDBWMQ7cj3q4F3YH8+1U5pFjf8AdqCT1IqVdl3S2HKNmWbg9aqjDMzknA6YpyEsrbhnJ70uVQYAxVpCcrkbHI+lJnHWgsDTTg9BTAmiXcSRViMYFVll2j7tO88/SpaGi2BkVVZCu5QeM05Z2HoaR3Lc4xSSaGyuw45HNLjKn6VLt5yaNoqrk2IQOGzRglTUzRA8imlGouFi3p8ey5h7sXX+dFWdIiZpBK/RTgfWitKT3MK+6H3OjXEtxJIrxAM5YZJ7n6Ukej3Ubhg8PHuf8KKKbSEpMnl066kGN8QH1P8AhUD6NcMBh4hj/aP+FFFKyHzMYdDuu0kX/fR/wpP7Buv+ekP5n/CiiiyHzMadAuj/AMtIfzP+FJ/wj93/AM9If++j/hRRTsg5mL/YF1/z0h/76P8AhThoNzn78P5n/CiiiyBSY4aJcj+OL8z/AIU/+xrj+/F+Z/woopWQ+Zi/2NP/AH4vzP8AhSf2NP8A34vzP+FFFTyofOxf7HuP78X5n/CrUGm+XERIsbuT36UUUnFA5MmitDHt+6ApzhaKKKumkrmNRtvU/9k=	7	5933
thomas.palludan@gmail.com	Canon Ip7250 blækpatroner	Mangler alle farver	data:image/jpeg;base64,/9j/4AAQSkZJRgABAQAAAQABAAD/2wCEAAkGBwgHBgkIBwgKCgkLDRYPDQwMDRsUFRAWIB0iIiAdHx8kKDQsJCYxJx8fLT0tMTU3Ojo6Iys/RD84QzQ5OjcBCgoKDQwNGg8PGjclHyU3Nzc3Nzc3Nzc3Nzc3Nzc3Nzc3Nzc3Nzc3Nzc3Nzc3Nzc3Nzc3Nzc3Nzc3Nzc3Nzc3N//AABEIAQYBDgMBIgACEQEDEQH/xAAcAAABBQEBAQAAAAAAAAAAAAAFAAMEBgcBAgj/xABIEAACAQMCAwUGAwQGCQQCAwABAgMABBEFEgYhMQcTIkFRFGFxgZGhFTKxI0JSwTNicnOi0RYkQ4KSssLh8CU0RGPi8VNUdP/EABoBAQEAAwEBAAAAAAAAAAAAAAABAgMFBAb/xAAqEQEAAgIABgEDAwUAAAAAAAAAAQIDEQQFEiExQRMiUWFxwfAUMpGx4f/aAAwDAQACEQMRAD8A3GkKVKg4KVdpUHKVdpUHlmCqWYgKBkk+QrB4uLuKdR1i/m0vVHjg71mRJHGxFJ8I8Qx6Vq/aFqf4TwfqdwG2u0XdR467n8PL6k/Ksl4Lsv8A0pXYZM8u7mP3V5D75qwiw23FfH0CgvZWt8vqoQ5/4WqYnadqtry1ThqZMdSm5R9xRFbSF4twt4yQOeVH8q9Q2gb+jWVP7uVhV0Ib9rmkyWsqrbXMNyY27veoZQ2OWcHOM+6nOC+0K0k09o+JtXtjeiU7XSJlVkwMZ8OM5zSu9PhkJSb9r/ewpJ+ozQ+XhPT7hC7WFnj1EbRH/C1NDQLbiPRLrHs+rWT58u/UH9aIxyxyjMTq49VYGsan4L0tvywMp/8Aqu/5MtQ5uEBakex39/bu35d2CPqpH6VNK267njtbWa4mO2OJGdj6ADJrGtL7WeIrmRymk292ob8saMCB5dM/pVQHFWtw6fd2kt/cT295E8BEsrMAvLJHv8vmasHA2lqum28kgK945kYjkcdB+lNIs8XbCIDt1Th+6gb+pJ/JgKg6f2rGXjKSe8uJIOH2j2pA0G51baOZ25PXPn0ozcacQNonm2kZALbhj4HNDp+HYJiN1tZTE/x2oB+qkVdC62fHvC17judatgT5S5jP+IConHfGUWhcNNqOlT2t1M0yRR4cOuTzOcH0BrK+KuG7WxsrqcW8du0Kg/snYhiSABg1TUNxOI7FZXMbSqVjzy3Y649fFj51NK1ay7W9XMSyXHD4mjxzkiLKD9jU49smnNbSq2mXsNzsIT8rLuxyzzBxn3UxommKgMcbyRYAVAjkZwMVJuNK747ZJBJ7pokk/UZq6Q1wH2nWg014eLNUzeiY7JRbNgpgYyVXGc7qvVpxbw9eYFtrNkxPkZgp+hrOZuFbaYN/6fYv7xG0f6GqFxTpUGmXFp3CmPvtz7NxOACAOZ+dQax2i9oVxw3qdhZ6XHb3HfQ99IWycgnC4x64P2oVD2v3kQBvuH22+bJIV/UVm2jNPreuWBu27wQwqvTpGgO0f+etanpunsbLlcTKRzK7uQHwNNAdxH2vC60gx6DDcWWoF1PezIjoF8/M8z06VaNA7TOHbjTrRdR1RYr4wr34eB1XfgbsHbjGffQOfQ45ye8W3l/vbZG+4waGX3Clobd5DptoFA6xF4z+ppoarZcRaLfkCz1WymJOAqzrn6ZrOeMO0vVNL4vutL0uGCaC32oVZCxZ8Anp8cfKs0vEj0LicbAzx2c0TsoPM4KkqPuKJ8Oo2scQ6pqcq5aSR35+TuxP250iFXRO17Urcj8Q4fAX1Dsh+4NDeIe1i7vrvTX0YzadFDJuu0YLJ3wyvL4YDenWrLHp7eyqUuZ8YwRvzz+BzUObQoph+0S2l/vbVD9xirpFmsu07hK5wPxJoSfKaB1++MfejlrxHol2m+31axce6df86ynUeEbVxGDY2sZkbaHi3IR7yM4rNktTc3EsNtuZAzFfeAcfzFTSvrSlSpVAqVKlQcpGu0jQZR27amVtdN0qMnMrmZ1HoOS/cn6V50CxNvFBbKM9xEsZPv6n71T+0nX45u0Ka5ZO/gsZVhVAcZ2c2H/Fmp2k9pOlwKVu7K8Uscl02sP1qxKNOt1WJACQW9BT6ru5gYqlWnaLwzIQGu5Yf7yB+X0Bo3a8WcPXOBBrNkSfJpQp++KKMuihySBk1HmO8EdAK4bu2uAO4uIZR/UkDfpSc5AwKCM0aRYIXJPQmgHFt6bXSLy6LYcRGND725fzNWFgCpDHl5Vn/aJc7oLHTwxHfy94/wDZHL+Z+lBRbiNmeCBfzBUQD3t4j+q1smhWIiijgRTiJFT6Csg0zULSHXba61BnWFJO9bau73gY/wCGtU0TjHh54wv4tBGzHmJcofuKqLXHB3cIVgrc/P0qPcZjyE5Ajm3ma92uoWF1Hutby2mGOqSq3867PgQtnmPI0lWddpU+ywtrNT4rqfcf7Kj/ADb7VVeD7UXevwHGViBmPy5j+VEe0G6NxxGYkPK1gVB7mbn/ANQ+lNcC6lpdjJdy3t3HDJJtRA4P5c8/5VEarp1qzwrt5HOQffRSSJScEKOQ6UJ0/XdHuUVINWsn5flE6/50VLxyoDG6PnnlWBqgfdE7So8IHIKKyHj247/iC4jTpbRLAMep6/djWx37Kiqz+EKCWPuFYHeXRubqa6cc5pnmI9B5fc/aoq0dntmGuby5xyRViQ/E/wCQFarY2rDY4HIcmB6EVmvAms6LY6dFDcajDDO0rPIJcqB5DmRjpWl2OpWN4oNrfW048u6mVv0NVD8kSYJKD+yD1obdkvydvD1PuAotKOfIdKrfGN2tlouoTryYQFB/abkP1qKxzU5jeXk9655T3Ttj3DJ/mKvfZ5ZFNKEpHinmJ+Q5frms8uXESwow5LGDy/iY5P2C1ovC/F/DtlaWlvLfGFooQpMkD43efMAjrVRolrbMmWIG0jmDSmQINyqN3p6VAsuJNCu8CDWLGRj5G4UH6E0RDpId8TK6n+Eg1FV7iG5Nppl5dlvFDCxUn+IjA+9UDs108XmtSoRnbZlvq6/9qsvabdCLQzbocG5nCge4c/1xTfYnbLLr985HhFsyj4b1A/Sg22uV2lUCrldpUHKiatfJpumXd9L+S3haQ/IZqZVA7adU9h4Pa1RsSX0qxf7o8TfoPrQfPmoXD3N080rbpJGLufUtzqNXp23OT6mvNRCpYpUqDqkocoSp9VOKm2+sapbf0GpXkfuEzY+mag0qA/DxpxFFyGpyuPSRVb+VebzVr3WZfab91aRIu6Uou3G44/Qk0DAJOB1NTY2CQFvLm3/SP+b7VYEWd98zsOhPL4U3SpVAgADuHI+oqbb6vqdr/wC31G7jHoszY+mcVCpUBV7mea3ku7uV5Z5WLM7dTgY/6h9KFVPvCEto4xnkAuPhz/6vtUCrI4QD1APxr3FJJD/QyPGfVGI/SvNKoJ6a1qqoY11K82MNpUzMQR8zXmQ7IJPgsY+fiP8AKosQ3OAelPXDEwxA9Wy5+Z5faqI1c2jIOBkdD6V2lUEy11bU7Qg2uo3kWOgSdgPpnFTZNf1vVVFjeajNPDK65RwvXy54zQapuleCd58coY2f545ffFUedTkEly5X8pY7f7I8I+y/eole5uUpUdFAX6cq8UCIBGCMivUMjwf0EjxH1jYr+leaVQTRfXdwUF1d3E6xc1EsrPg+7PwrY+wy32Sai/8ADDGn3Of0rGLNd7qPVh/59jW99jMHd2OovjmXjX6An+dUaPSpUqKVKlSoOVhHbxqvtHEFtpyN4LO33MPR3/7Ba3ZiFUljgDmTXyhxhqh1jiPUL/ORPOzL/ZHJfsBQBaVKlUQqVKlQKlSpUHpPzZ9KkTnbAF9SF+Q6/cmmoQOrdM5PwFduSdyoeqrz+J5n9aoZpUqVQKvcK7pVHvrxUi0Tcx+ny86BXr7pVHoPuef86j17mbfK7eprxVCpUqVQORqSG29W8I+Jr1dsGnYL+VeQ+Ar3bDbtY9Fy5+XT9RUbOTk+dUKlSpVAqn2n7Kydz/tHAPvUeI/dV+tQKnXP7O1jj9E+7H/JaohEknJ6muUqVQKlSro5mgI6RHuulHkvP/z71uPY/qSynVdNWBgbdklabPI7hjb8tv3rG+HId8rMfNsVuPZPoR03Tr7UHlDtqM+4ALjYqeED3881Re6VKlRSpUqVBW+0TVfwfg7U7pWxIYu6j/tP4R+uflXy1Jzf4Vtvb9qmy003SkP53a4kHuUbV/VvpWIdaA3oOjWV/Yahe6nqiadBbbVjdlDd45DHG3IJwF6DnzohfcC31mrg3MTzRRSSSrsIUFAmVVv3jmRF6AEsMcudANIGnHUI/wAY78WhyHMP5gfI+uM4zjnjpzq1Wx0C/sbXT7rVbm3uruVocw3LvbW0AkXCnvG6MELDI6lCcAYqICQ8J61NDbyJaDNxK8McTSBX3rksCDjGApPM9Bmoh0TVO5WZNPuJYWcxrLCneK7DOdpXIP5W5jlyPoav1jos8OnzyW2oRJbaeiTW1oVhux32xm8ZCKN4HdgczgswBPSnNQfiDTtdttLW5sNR1ONWuYn9mdRJIGfYWYHYWDPKRnCA/mOehWYSQyxY72KSPPTehXyz5+4j614o7xHxAdZgjhmtHhmhuriZm9oLhjK2SCCucjCqDnotA1GWFESIFyQp6HCn9T9s0UteH5b+2trpr22hlvVnmghkDc44t3eOWAIUDa3X0oWhIjdvIKfqeX6ZqVo+qX9tNBawaxNYWzSeJy7GOLdyZivwJzy5jNWR6j4c1eQQNHZsyz2wulfcFRY8Z8TEhVOOeCehHrUafS9Qt1V5rK4VWj71W7skFMA7sjywQc+8VoWi6HqUlzPqlpqsq3sMkdnA93apIpI7tQ67GKqAJExzORk+tD9Tl1W0fVbLFpdpYWQtLuK2eWNkgZw7EM+7dywOpChvCCM1BQW8DtG/hdTgqeRB+FSom7mB3PRVJ+fQfqfpVk4h4vi1/TZreW1mt7mRodoRw8QCbhjngjJbcTzJI51W5vDbAY/O36f9yasAvfcKT2kExN3G9xbpAZYBEww0xXYit0cndnl/CetNtwlrIlvYxbhvZJBEz52rISxQd3nG4FlIBHu9aiafq+owSxRJq95bQFlRmErssag5/KD0GScD5VZEs/w6y1W5sLq5u175Y5e7tYZ2uS695vcgkrC2EGMkk9efKoK5NoGrQySRmwmkMc3cMYcSjvME7MrkFsA8hzqDLbzwFRPBNFu/L3kZXPIHln3EH5j1q16xrGq6PqUUtw1ndSSypfoJodskMqp3aB4wcKUGcKcjzyc0M17Xzr/s4ktBDJDLNJvExYN3rlm5EcuZAznoooB0UckuIYELyzSJDGo6sxPIfcVPl4Wv1lWK1ktbxmvDZf6vIcCYAllywHIAcz05j1oZM+1YtpIYHeCDgg+X6Cj2iarrur6gLU6uqyESSK9xGruWKbG2eHcZCvIAEZx1zVAeLR9TngWaDT7mWNnMamOMsWYAEgAczyIqHKrQkiZWjIYqQ424YdRz8x6VpVlb6xpvD9rq3tNvPYQo9+xvTMk25RtRWwzc2jl6DAIIBJ5UMi4kuOH7y2t9VsBKILWVYDDKDE6TSGTvUUjBHJAqnkNnPnyEFJhXvJFUc8mjVjp341rC2Kysi7ZH/ZpvdliT8qL+8x2nA99c1C+s73VEvLJZlihtY1KzIobciAE5BO7cVJJODlulCLn+kCnqgA+Y/wC9UHrjhK6BJt2k2+xLdhbmLunG+Xu0jPMjeeR64500/COrraC7McHc+yi6Zu92hE5dS2BnJ6Anz9KZ0UR6gk9nqOp3SwLFuhtO+2rOwOdgZsqnrkjqPXFWdUlvLawhs9UmM19pzE97bRtHYRuCrBpAAUVzuBYDOME5NQVC40TVrYlZ9NulYKrEd0SVDKWGcdMqrHn5A+lQ+7eOUpKjIynDK6kFfiKsdtxfe2bXcMtrZTJP3Uc3dEqHWEpsUMCfCAnlyO49aEXt3+J6rd3oiaM3UxlKNJvILHnzwM8yT05fKgsHDcWEUkczzNfRPDlt7JodjBjBWFS3xIyfuaw3hOz9qura2H+1kVM/E19BgADA6VVdpClSFAq4a7ULWb6PS9JvL+X8ltC8p9+BnFB879rmq/ifGl8VbMdti2T/AHfzf4iapNSL6d7m5eaVtzyMXY+pJyaj0lCIyCM4zyz6Ud1Cfhyazu3srS9gvGx3KMwKDmP5ZHv91QNDS0fVrf8AESotVJeQO4UPtBITJxjcQFzkdaPS6Nol/M/4ffW0MYZ2eTvGYqoUAeEnoSsjf7yAHmuYID6VoE+yWz1hbZwvJZoi3iAGefh288468vPNQ9Ud7O9ubKz1SW6tAdqyJMSkqdR7iPEfmTU+bhlrfT9QuJrg77Pus/syEbdnO08y4HhG4YHiBPKq/QKvSDqflXmvY8K59MmrAckOIB/Xcn5DkP51L0mHSZUmGq3U0D7k7po03YHPcT/h+h91Qp/CwjzyjUL/AJ/erHovDtlfaNb3VzNIks1xjKsAFjEiq3UYJCiV+ucAHBGaSGINK06XVLq20zW9kaCM2szv3e9iDuzzB5YPMcxkDHPNd1XS9XtdHNxdaqlxa94o7uK6aQEkbRkHHMBQPPljFM3nC1/bRJM5hSKRtgEsgDLJk4jI83OD0/hbpih+r6bJpGp3FjOVMkLlSRjPIkcxnl64PPGPWoI0WN4J6CnLsnciHqqc/ieZrluu5gD5nBz6ef2zTcr95Iz+pzVBjSBw60EK6u98kyy7pGgAKsmR4SOvQdRj8x9BSsdN0e6jfOrrZTpO4jknyVaMY2HAUYJJOefLHSnLPSbe9hsLe1WOS4u43LXBuOcUwDkR7MjAwi+Jh+9noKePB9ybZLmO8h7hz4HdWG9SQEYAZJ3bkwOvjHvxAO1fTLbT4bZ7bUre877du7nrGQfPr1BB6+tQIgSCR1PIfOlcQtb3E0DlS8TsjFTkEgkcj5jlXuE7Suf3QXx8On8qo8XBzO+OgOB8Byo1ZaZolxbQyPrns84jJkieP/abSRtbl+9tH1ORnlI4f0jRtQs7X229SK5a8XvwJQG7g5QIF/i3LuJxyVs9Oqbg2/ZYJFeOIXD7VSYnKsSNoJXP8X5unhY8sVAtM0rVbi0trjS9YG548tFLPs7shs7QMnJ8CNzA/dxnHIVr1nf2WoGPVZWluXjSUu0veFgwz1+o+VSLjhTV4QDLaKfd3iZzgnGCck4B5D0PoahXum39mSLq2lVYwoLY3Iu4BgNwyP3umfOg5bAC3JbpI4X5A5P6VFcl2LEkbjkkDPXzqVJiOBQPKMn5k4/zp3RfYPaZhqik23s8h8L7XDKNy7feSu3n5MfSqJ2oPwzLZXkljFfQ3hINvFIQUA5ZGR06nrnOOozTraFotyR7Dr9tCr/7G5/MWHvwowTnHLkMevIgnDWjyz3PcXguEGDGsT4VeUjcmOdwOxV5kkbhmhlzwhqUUbyRNFOqK7PjcjALvz4WAJyY2A9cj1qARqNqLK/uLVJknWJyqyp0ceRp3Tk3TxjHnn/z61Gnge2uZLeUKJI3KOFYMAQcHmOVE9Gj3TEgen+dUah2YWXe63bsRyhRpD9MD7mtiFZ/2U2W2G8uiOm2JT9z/KtAortKlSoFWfdtmq+w8H+yIcSX0yx8v4R4j+gHzrQawXt41b2niK305GyllBlh/Xfn+m2gy9jliR0rlKp2laVcarJJHatCrJtJ71toOTj7cyfcPgDEQaXWiE+ianb27zz2ciRoAWPI4BGcnHlUSa2uIHdJoJEZBuYMpGBnGfhnzoG1YrnaxXIxyOOXpXKWaVAutOgAyIv9bn8Bz/yrzGPGD5DnXQQplc/uJgfE9ftVgeXYsxY9Sc142rnOBnpnFTbnS7+1XdPaSqpxg7cjmFI6e5l+uOuaiujRsyyKVZDtYMMYPpUEmDUr6Bt0N5cKcAcpT5HI+h6elM3FxNdSmW4kMkpABdupAAAz68gBmmq6vUUD6nZGT6KT8+n+dR6fjVp2SGPm80gRQT55wPual3Gg6pby929nIWyeaDcB16kdOhPPyqiBHI8W/u3ZN6FH2nG5T1B9xriSPGQY3ZSCCCpxgg5H3APyrrxSR57yN1wdp3KRg+nP4ivHr7qgXUj19adJwsrD3IP1/wAq8R/mB9Kdghlumgt7aMySzMSqDqSTyH0qhipVjqF3YCT2ObujKhRmCKTtPUAkZHy/ypqS3nibbLDIjbA+GQjwlQ2foQfnTVQTPxTUM59slzjGSckjaydT/Vdxn+sal3Wv39/byWk/cbJnDyMse1mIbd5cuvPp5D0FCKdgO1i5/dGaBy7bMj4OQG2g/wBkY/XNRqmWOn3OpSdxaJ3kkcPeMCcZ6Z+fiFcn029t1dpbaUIhwX2kr59D0PQ9PSghkA+VSre/vLWTvLe7nifcG3JIQcgEA/IEj51HYFSQ3IjyNcoOoOePKrLw9CW2HHU5qtqCeQ6kgVdeH7ckoqDOcKvvzyqjcuArX2bhm2YjDTlpT8zgfYCrDTFjbraWcFsn5YY1QfIYp+iu0hSpCg8uwRSzEBQMknyFYlwbw1Ydous8Ra1rSzPbG522/dyMhB5ny64XZWkdpWqfhHBepzq22WSLuIyOu5/D/Mn5VD7JdL/C+BNODLiS6U3T5HPx81/w7aCvXnYhokjFrTVNRgz+6xRwP8IP3oHedhl4CTZa7byDyE9sVI+YJ/SturOOO7+ROIkVL14RGIRtjQksuXLgElVVmynPcfyj1oKFd9lPG1suIJYLpAchYr0jJHMHDgD70Obh3j3SbhriTRb2U4AYrClxuGSceHJxzPT1rSJOJNQ0vTbO4F08o2QySwxyiZpF2s5Ku3h2t7yDtTqCwqTc8YavbSw7lWOKR13+0xKrQI2WLMCyZAUoMDPMNzPIkMW1a81VbeSPVdJFvnl301k0brz8mbp0oCrq35WB+Br7A0qae60y1nvI1SeWFXkRRyUkZI50xe6BouoAi+0mwuAeve26N+ooPkyIeEmrPwnwHrHFmk3F7pRtQqT7GFw5TccZ5YB6A13tQi0yz4rv7TRrSG1tbYLF3cK4UvjxHHxbHyrY+A7STh/swikhj/1lraS628ubMCV+22gy2XgztF0zdstLmdT1MdxHMD8mOftQS/HE0AuvxTSbxTMmySS4091wACMg4AHUn51rX+kvEFhDduzyXHc957OkkRPtGBtTJ7tcMXK8hkcm9M0et+KprayEl8Yrl1SUyGGEwDci5ZVVnZm/KwyBjpzqD59XWNIljEdzo8JcEAtFMVO0DAHr5Adf1ofeSWrSmSygeGIJjY77iTk88/DFfR2n6zpfEt8+n6holtNMsjwzZTvERkGW5uikjoMgEcx61mXbNpujabrum6ZoemW1pK8ZlnFum3fubCjA5fut9aqInD/ZZrWu6BaarZXlpEsoJSKbcrcmIzkA9cZp2Ts57QbDnbEzAf8A9e/yPoxH6VrupwS6FwZZafad+Gj9mtXkt1ZnRNyiRxtBOdu45HnVV0zibWLFhNq0zxiEyO9skjXCvH4EQHwmQMZJV5dfAeVFZpeaDxvaRNFeaLqbwvJ3jolv3qswIbJ2Z/hH6VEvtYuYtp1fQbYON2WurZo2YnPmcHz/AP1W1DinXLS3b2n2W5I8ayxRF2aMRNIxMYKsrckAX+upyedFeEuJ5uIpAslmscLW3f7nDI65kZArRnOMlH/ePT31B8yzzJcNLNCiRhyFVI+ik8qt+n9nPFd3p9pq+k28TxTRh4dlyEkC9AcHGMj31O7XnS/4+TTrCKJDCscIVEA3SHnzx73UfKtg4guTw7oGm2dnMbfxx26yDaNqohY828IyE2gnzYVRic2m9oOlAC40rUZEGc4txOD65KZP3qvXF5cWjWw1TS44zDJ3gM1uYnkPM4JI5jJzjpyrb9E4w1uWBJru2V27hnktX8bqS6qh3xKRtOJD+T93yopqnGsNlaLLe2tqIsO0zSXDbERSi5/o8nLSIACoznPSoMAa/wBBnwx0mVG2/wCyuOW74en06nl0oYyhlZYVP7WQKi9TjPT419I6ZZcL8XCVpuG7NhGkbCZ4ImV1kXcNrDn0wTkDqKye00uxv+2KLTdLt0i0+C+JWJPyqsQ8XX1ZWPzqifddjXE0B72xv7CVzzx3jxMPdnB/WhV5wd2h2EUkT2l9PEylWMVwsxI/4t2PdWv8f6jqFm9sunCfesMsw2SGJJHBRVRn/KOTM2D120FsuMNVtbeKS5Ml530sEBjjRbgwybDJKN8YGcAxgHBwc0GQXM+uWMiy6xpEwWNGQC9snjVVIXI5gD90dff61Hn1fSboSAaNCrH+jaOYrt9MhQM1vGvcePoGPxGGzWJY4mklkllQFpDJtUBY3OdsZJHlkDJ60WsrPRuJrWaTUNBsW7udomEsSSAlcZIOPXlzwcg1B8xWaF7iJevPP/n2rUez2w9p1yxTGVEneH4L4v5CqITbXPEF9PYwpFaGd+4jjHhVNx2gfICtg7KLPN3c3JHKGEIPix//AB+9UaZXaVKgVKlSoMs7Z5X1O90Lhi3bx3k4d8eQJ2qfux+VadBEkEMcMQ2xxqEUegAwK+f+MuL5LHtPn1e3ghuvYH7iCOUkKNqlSeXvLH50fs+3Nf8A5/D7L/8A57oN9iooNhmkWKJ5JCAiKWYnyA61kt5qdndi7Mk85OxpLvLRhoHO+VSQuW5IpUKx2nnkZJyRTth4S1C2kt9Rt9Qt4pVKOkkAcMpGCPATyr1b612cX6SNFrhgeQEF57maNlblhh3nmMcj8fU0EA3dyl5e6ch0m4s2eCHYz75WikdVeP0blIu0kYHTGKm2t7qX+lq20K+0281wbObcmyPu9pk8LjJcqCQCNo6A8xRCDh7h3U0m/DdctbuOWUS5d4rspIF27lJzzxkc84HIYAABPh/hM6Tq1xfSTxssk0sscMCGKOLeqLjZk5PhPPPnQWkDFM3lzHZ2k91OdsUEbSOfRQMmnqpXa/qY07ga8jBHeXrLbKM9Q3Nv8Iag+fiLjiDiGCN8+0ajegtjyZ35/wDMfpX0VxvHbjQYNGMaPDcbY2iYHHdJjJyFbGPDzweorCuzq70yw42sr7W7oW1ra7mDMpIL7SFHIHzbP+7Wz6zLwbxoUjfiKwlHdNF7OLiPxKWVjyOG6op5EdBSRVHUWtvLBe6hpkF9O2yL2e3DyGIKQyxt4DvUNzPgPPlgYFNG4lubCW2vtRtbG8ebfHv2zMhZSrI+VXwoCcA53FAMnmDfH4Lt7m2tgNQlZoZe+SaM8lYOWG1cleQYqCQSMLg8qAHgXiCJJbddQgu7d5lkbv5TmRVOVjOVbw5Ck5PPmDnNQGOAI47uWXUNp3JCsa749hjLhXdMcsDwx/ujOPOs5z/pX24Zz3lvBdYHoqQjH/Mp/wCKtaE8mhcLX+o36hbiNJZ5m5ZcrkKTjqSqoPoPKsi7Fbu0tNe1LVNVlKuIhHG+wsCzHLHkP6o+tZVrNp1EMbWisbtLSOP9QtIbi0S4urm2az/1rvI5oo4gzZWMSd4RnmGIAI/LnPSqzquvNpdhJLfyyzpPeCE7XEErTEBwFAfYq+LO7LL03Drm0axYcLcRTyS3WpxbpQgKS90y+HdtIWVTg+JunqalQ8PsFgGm62HRZWlm7yCKUyM0gcsCANhwCoxywRy5Ck0tHmCL1t4lnc97eLoNle2un6VbKzMws5DuW2TkEkPgOI2ACnbtBO3BHQaLwDsfQhqMtrJbTTKomMylWbu1wSRuIA3byAMYB6Zpm74Se01KfUtFEBkuJxLLayExx7toXeuMgOMZBII5nOeRHOLrqTh/s3vDPK3tXsnclzIXPeyeEnd1PNic48qjJknBAPFPaul7Iu6M3D3jZ/dAJZfvsFbBxXqkKXsdnHNMLiAJK8exjERIzBS2zxFsJJhQceZ8sZp2FtY2eoajqN/cRQN3SxQ94cfmO5vsq1oWucLaVxPcyTtqNvcrJMkwik8aoyLtGNjKcdeRJ6mi9M63pV7K4vLe5jCoweS6kMMsAlkZMb0JO5WIMaEkb1OWbGPDkrWzPYNbme+s71GuPZlnuHeMmFWbvN5EhDMSm7dtIBXGwZAFuh4RmiQRC8AEy7bueFnikk3PK745kAFpWOPf15A0H/0d16DTrnThbtc29zKkRSa7EgWMkhjubmEVcEJh+bMDkc6iDHC1zDYcEza3JE8Jlje6lDtn8ihRjwrhdqLgEA4686zjsJs3v+LNV1ecZaCDbu/ryNz/AOVvrV27VbpNC7OWsY3b9qIrRCzZLAc2yfPwofrQ7sIt4rHhKe6ncCS9umYZH7qgLj/iDfWsb5KY43edfqsRsS4l1Cx1DW/Y7r2n9jMIoe6nEbOw2s4UB9zgkoCCp5jFVy79qku7G808ie2khWRbl3Yi0BkV22I2XJaPY+1842cuZFXC84KsLu5N1b3+LkSSywvNFHKYHkYsxU4DdWJGSQOXpUPU+zi1ub+K7tpEjkiRAkmxdw2gLt6cwVVVyea88dTSt62jdZ2irajcDS5reNLq1eGSJ5V3tKh7rYvcx7Y2yxBYAEqxfcehBq7Xl1+BdmVzfJC9tcNYvcd3LJvZJ5ssQW8z3j0PutE4h1KJbDU7ZDaXNyWm7u53CBNincGPiJ37wo2nACHIIyY/bnfi24Sgsl63dyowP4U8X/MFrMY7w9ACeQ8O7A+Fb/2a2nccPd953EpYH3Dw/qDWHaEhijD48KLk19FcM2jWPD2nWzjDx26b/wC0Rk/cmgJ0qVKg7UHW79NL0i8v5D4beFpPiQOX3qdWedtuqew8JLZo2JL6YJj1VfEfvt+tB8/Xkz3Fw8spy7sWY+pJpqNHkkSONGeR2Coq9WJ5AD51xjliam6L7INRje+v57BI/HHcwQ960cgwVO0EHrzyD5UQQ17hS80S4jtZb7TLu7edbc21lcmSVJD0DKVGPT4kVH1vhrWtBeJNXsHtzMxSLEiPvIxkDaT6j61atV16DXOItKutK1a0tbrSbQf+qaunde2y5HNlAbGOZGefWi+kXOh33ae97o62s08OlvKhjXZFdah5sgb1DcveCffUVlt3Y3FnMEvrOe2mxkJcQtG2PXDAcqkWesarYEGx1O+t8dBFcOo+gOK0XX9NbibUtE4bnvmlv9M0uWTUL0HvRHcMA2xm8xuAHLn4hiqBrmmR6YbMxXJmW8txcorR7GSNmYJnmebAbseWfnQF7PtG4wsyNmuzyqP3Z0STPzIz9688R8aazxTa20WtSQNHbOzoYothJIxk88dP51V6fk8MBX1wv16/zqwjunWN3ql7FZ2Fu893OTshTGWOCx6+4H6U9f6JqljeGxvtMuY7ru+8MBiJbZnG7AzyzyzR3s8eaz1f8Ri1DQ7YJ+xmXU7juyYn/OUHLnjlkHPOrnwlbAcTa1caJa3ScN34MEWtLehHsY4wSxUvk4L9M+QFRWTwXN1YSf6tc3FrIOX7KRoyPoRR2z484sstog1+92j92VhKP8YNWXhbUGbSeNtW1BbXUYoI27m8ubdGknlfwRncR0wqnA/iqrXvCV7ZWi3HtFrJH7Al/jeQ4hYJgkEdSz7QOpINEEdV7R+JNa0a40vUp7aS3mC72WDY5wQcZBx5elF+ANJurjSlW1hMkspaZhkDwjlnn8PvWeBWMaqvMu20D19K2/g+OHTrVI5rqxWzMYiuIZsmRkA8hjzNe7g916rx5h4eNmLRWk+0BtPvVmlh9lmaSLHeKqFiuemcVGxsYjBVgeY6GrZo6iKzvd/+q6dMWmiukudsox+ReRyfhUazuZ04Rv5JW3d/MsMWVGST4mOepOM9TXSjiLe49xDmfBH39TIPDqV/B/Q3tynuEpqv9oXEGo3ekw6fdXjyxyPv2sB5ch5ep+1WnUdGexNxmdH7jZv5EHxk7R8cDNZnxZMbnWhCnPulCj3nr+pH0rTxlsc4d1h6OCrk+bpmZ7LLwZptxLpirawPLI+ZCqLk7c4B+mKKSQyRuySROrocMGUgr8fSjXBsAs7Tu5ntE094xHOzT7JUCjljBz1x5c6J6T7TFpt+f9atI2zcx6gzA96OiK2Rz5VyX2EX+OOn7aVeC+vLfHcXc8WOgSQiiEHFGtQ9L92Ho6hv1FSotjcJPJNBbLLPdLDFL3Q3Y6sxPX1FC9Q0q4sO979oz3UgjfY2cMQSB9Bn5ir2ZxNLzMWhWO1LiW+1mGysrto8RFpPAuMluQz8g31rQ9KvtK4V0DSNP1S+t7NzbjaJW27m5FufxasoeA6zxxZWf5ka5VD/AGV6/wDVWh8Spc3HEtlcaLaaiNTikW2kaWD/AFVrYtl8lhjHvBz9q4HN4rlvTDae3ef2j93PtqL2mq6LPC5ULLGSyhlAYZIPQ0+sjp+V2HwNZq7aXqHaHbS2r2Otrd/nXusyacIh4SGBwoJ6gjrU2yums+NOI7uS9v5tP0yzTvYZJiy94/jJC5wMKMVwv6O1O9LTE634/Otf5XqaEt7cL+/n41kHbPqb3+vWFixG22h3MB/E5z+ij61pOn6taajJ3dsz7+5Wfa0ZX9mzMqt89jY88c6xLie7/E+MdRn6qJ2Rf7K+AfZfvXT5NfibZ7VyWnUR4n8teTWuw7wXYe26naWpGRJMqsMfu9T9ga+gRWSdlFj3msicjwwQs2feeQ+xNa3X0rSVKlSoO1gXbpq3tfEsdgjZSxgAP9t+Z+22t7lkWKNpJDhVUsT6AV8o8UXNzq2tXuoNFIfaJ2k/KTgZ5D6YqwAlXXgzStP/ANGtT1bVV0zLXMVpaNqbMsQb88hyvPOzpjzqlHl15U813cNZpZtPIbWNzIkJbwq5GCwHrWKLve8OcOLKNQshfXdnqV5JBo9jbzCNpFQAO7PICQN2QB16Z61GsuCI9Sk1lu61a0gsJIYRA9sLmfvX6ghMDC8jn0IoNpHFF/plrFadxY3trBN7RDDewd4IZOu5SCCM+Yziium8dy2yMbvTRdTtqTamZUvHh3TEYwQAcoBy25oPCcH61azammiXntDWN7HaL7DIytPKeY245DaOZyfDg8+VBNckv1uUsdRv0vDZL3UZjmEqRjl4Q3njAHuxgVatG48trewOmXlnKlrqEt5JqxtsLvM35TGM8tvLqaojKqMVRtyqcK2MZHrjy+FB2MbnHxzTlxy2r6Dd9f8Aw1y3XJJ+VKb94+rY+nL9Qay9BliFQk9AM1dNe7PPwrS7i+kvGEtraRXMyXFoURi/7kcucMw9MVT4JBFPFIyBwjqxQ9Gwc4PuNXHUuO49VaZbrSAkV7ewXN6famlyIjyWJWACZHLPpWIiahw1xDo9nfW0swTTo1inug0+2AyMAyoQ+A8gGPCAfL1FQp+LNWuoLuG9eG7F3CIZGniG7aHLrgjGMMxIzy5DlyxRXjPi6Di2wEl2s0N/a3sptUxlGtnOQrYOA68hnHMVUYhucCgJaBb+065aRYysZ3n/AHef64rRqp/A1sWubu7YDAART8Tk/oKuFd3l9NYt/dwuYX6s2vsn22mLJZe3Xdyltbl+7RihdnYdcAUxJI9vL3dvdM8cbh0ZCyjd6gHoakw6hA2nRWN9BI8cLs8bxSBWXPUHIIIocetemkWmZ6v+PLfpiI6Ul9RuWt3illDxMBu3qD+UYByRkHHnWc6XnUuJO9bmDKZDn0Hi/wAqt2uz+z6TcvnBK7R8Tyqv8EwbpJ7g/wAOB/vc/wBAK5nMJiLVpDtcmxze/VK2+efOic+kTx6Pb33ehlmcAQAHcMltpx79poZR2PiAJFIq2uGEMMdv4siJk3Dd8fET8a8Mvqsk37dMI1/FqWjvawXEoXZmaFFYMEJPXHkc5+lRb7VppLKb2oRuAe+LlcNuCgZyPcPSnNavUvr0SQ7+5jiSKMP1wqgc/nmq7xLP3GjzHzfCD+f2BoxnUY+u0dzPZNatf8YTXsg3LbxO+fRm5f8AU1bTWe9jem+zaNdXzr47l1GfcBn/AK/tWg18LzjL8nF2/HZz8cfSDX3EWn6XfXdvqGbYQWwujM4G2VM7TjHMkHAx7xTiaVpd/ZzP7Dsjv2Wa4VlaNpT1G8dT8D86Y1TQF1PiXStSuVge30+OTajDLGViu0+mBjPxxRyvLe9K1rOOZ6p89/5+rKN+wKWzh4dtb/U4riZljslUxyYYYiXCc8Z9fPzrEtIRprlncljuOSfOtc7Ur72PhOWMHxXMqRY92dx+y1l/D0WEJP8ADX0vI62nDbLbzM/6aM3nTaOyi07vSrq6I/pZQi/BR/mavNBeDbT2LhmwjK4Zo+8Ye9uf86NV22p2lXK7QVrtD1H8N4TvpFbEkqiFP97kftmsZ0O/htAUnZ1BOcrj75FX/tmu+6TTbWdGNrJvfKNg71xj3dCazAHTn/8AkzQ/24w3/KayhFpMuk3fKX2Z8/8A8tsv6jFMS8O6BdHlbWu49O6lZD9DmgSW8J5w6jbkf1yyH7ip2nQy29wtzI8LxwgyLtlVg7geFevm2B86uoHu44F0wkhJbuA/20cffFC7ngN152+oKQenewsv3GRTOpaHM14834nfLM5yzs55n7UTgvNQsY0je9kldUAZieprGO4BPwZqoJERtpvckwz9Kh3HDWtW/OTTp8eqrn9Kt41+5z+1WOUf10BqXBxFApy1qFPrE5X9KvSbZ6ttNAhEsLow5kMuCKO6bp1nJMkF4iOqJtBZio3eeSPfmi+t3kN6Vnk8HtdwiLuOTtRdxJPxCD50PNhcE7kMchJz+zcH/vViPSCj8FaRcLuhFxGOp9nulf7MP51En7P7dhm21aWP3T2u7/Ejfyp5LG5/BbpJGuIHlYKGj5NtHM/I8vpQiysb/TZUuLfVbkqhyUlywP3rHt4U3ccE6jG5EFzYzjyxKUP0YCh02i3+nvOLy37t4lGfECOfIcx8RVxi4ivkUd64lH9dQaj6lcNepbGfaJLq5UnlgbYxu+Xi2VenQ8cPN7PMbUOBGFAC7goLDAznHxq1LagjIWUjzKMr/piqZ+H3g8Sx7z/9bBv0NT4ra7/B7hO8ubd5GC7o/CwAHl6dftW2ubJSPps1WwYrz9VVnNlFtz7Vs/vYWUfUZqO0DBtqPDJ/YlX+eKp9muq6dKs8OrzyIp5xzjdkfGiycRXeB3oil9d6A1tpxub77aLcBgn1pF4w717cWaKyyJIO9BH5c8h+teuHSkU0tuCoUkbRuCZxyznHoK7eTm87l5WUTXUxcA8gRGvT3c2X6VC/DrxRlYmY+sZDfpWnLktlv1WenBT4K6pK5i1VhnZMB6oVkH2xXtrCIDIutv8AexMv3GRVVmtrv8DKLc3No8svMpybAHT1HU/SoFj+NaXMJhqzzQgEFZRz5+hrXvu9ccVlj2uJtWLbY5IZD5bJBz+tVbjFZJFjtFU5WTu5B5qxO3H60QXiK6GDKsUpHm6A1EvZPapbPvWVZZ5JLjJ5DKqQufmx+lWVvxV71msi/CXEV5YhrKOWE26H9kkgCgc+fPGaukPEUu3dNZbl82hkDVlf4bdr+RA/924b9DUuS1vPwcxi4u7R5JMkxna2AOXwGc14s3LuFyzNrUjbRF7R4asmu2JAMjSRf3kZA+tPw6pYTECK8hYny3YNYvZPrGlyiVdWkniAIKzDLc/Q+tFE4juh/SpFKfVkBrwX5Bw1/wCyZhn81vYj2w3JnextomDRxqWfBzhmOB9lb60E4ZszcNFAmd08qxj5kCo2vTma2gLY7y4maVvgowPux+lW7sxse/1qy3L4Yg0x+Q5fciulw3Dxw2KMVZ8MJnqnbZo0WONUQYVQAB6AV6pUq3oVdrlKgz7tqs++4at7oDnbXQz/AGWBH67aw6Q19I9oNn7dwdqsWMlYDKPihDfyr5tloBt+5WUbSQceVNQXsySoxdnCsGwTnODmlqZxN8qhbqC5JxNkDb3q+vuqGvFl8rMJRHMM9HUH9Qar63lwq7RKduMcwDypreaC2R8UWr/+402LP/15X+f8qmR6lo8oyyTxZ/hcN+oFUbdUmJty4FXcpoa4m1CG5ubCG0LG3hB5sRlmY8zyJ8go+VM9/IFAEjjHoxoTdeExH0/zogaipOn61NaSy960jhwFByeWD/3ohNxLNFEpj8ZJ/LJ4gRVW71433IxB91dmupZgBI2ce4CgtFvxRFLyudNgPvjJB/UVA17Vkvr6y9mjaGKFSqqTzyTknP0+lBrdvFXq45XER94q7lNCxup8DbPIMdPEa9WGvTQyubiSSQsoUMW6Yzy+9RnO0ZodHPJFIGQ4P1qKtEnEckMSuIxLuPiWU5BFe7biSyn/APc6ainOP2TEfzqqz3TzAB9vL0UD9K7at1+NI7eAZ1/U473VbRbQMlvDGVQEnOSSSSeXuHypt7y4C7hPJlRy8RoZMx9thPwqVcHbE3wNBP07iGaHvPaZpXZyMNn08qnXPEjQxptRJ8nxJMMiqkk7xHKnHyzXqW5eUAPt5eigfpQW+04gsLhc3emhD0/ZMaE65qS3uswtb7khih2RjPMeZ+eTQu0fCke+uMf/AFBPh/KrsEJ724CbhPJlemWzUnStdeMOtzK7OxyrFvL0oXeHbGMedRIp3ibwn7ZqC3XXEbWqoViSdTnckpyPjT1rr2mXKBrix7k+fdu2P/PlVMnuXmI37f8AdUD9KftH/Z/OkToWS7u4b++U24/YxII05knzPmB/F6VsHZLYMiXN2wOAixKccjnmefyFYpoke+cn1f8AkK+k+CLT2ThixXHikTvT/vcx9sUB2lSpUCpUqVA3cwrcW8sL/lkQo3wIxXytfwtbzzQOPFE5Q/EHFfV1fOXaVp34fxfqUY/LJJ3y/B+f65oM91Bv2zfAVDotqKJ3G5lG7OAaDk0HukQaa3e+uhvfQOU/bkhxUXefWn7dvGKCRqQwqn41KLYgDD0pjUhmJD7z+lPQeK2QH050A+Tma8+dO3iLFJhc499Rt3voJMHJ6cuvzofPFRoW8dTXXe8fwoJM5/Y7vdQpj4qMOn7LY/I9PpQm6QRSlQc8qDx509bHDGooenYH8dBJuTieI+mKk339CSOmajyqXljA8xUyaMSRANkA+YoBBrgrkwCSMoOcHrXkNQS7Tzr2/K+jNMWz8zUkqWuVI8sGgc1DlGvxocTRa7iV0wxIwM0FJwaBypVp+X51CDVKtW6UFv4TtWup4YU5tLLsHxJAr6egiWCCOKMYWNQqj3AYrBeyCw9r1+yY81i3zN8un3xW+0CpUqVAqVKlQdrCu15Z34seSa2aKLuVjicqcSgcyc+fNsfIVutUvtM4WvOJrKyGmmEXFtIx/asVBVhzHT1AoPm/WvDGB76BtVt490HVOH7i3h1W1MBlVinjVg4B54IJ9RVRxQcpUsUsUCqTaZZx8ajVM0/+mx60BDUF/wBTU++nbEb7QZUjzHwp64heW2RYkDPuGFJxmtC4x4ZnTSeHLuw0uYLJpcaziKAkrJjJ34HXxefpQZJqDZmNQ886kXhzO4PkcVGoH7YFpAKP6XaSXeo2ltEAXkYKvxJwKB2IzOtX7gHS7+94v0ltOCk286Sy7hkd2GG4/TPzxQNcZLZ/6RaimnRlLeGQQgFNviRQrHHvKk/OqPfnM7VsvbDoq2fEC3Vrad1b3Fvudo48KZNzbiccs4xWLXTbpWPvoGM0/bAl6YxUqwGZx8KAtZwiS+gV8hANzEDJwOtT9SW19ouG0/vPZO9buO9GGCZO3I9cYo/2a6XeXfG2mSWsSSRQNuuA65Hd8wSfr9cV77StLTSuItUit7UQWoIaJUTagBUHl5dc0GZ3DZlc+802DXqU5Y14FBJtAWblRzSPZY9TD6jHLJaov7RYh4iDywKE6Yu6TFal2Q6FJqPEtzJdWcNxpnsrRzd7GGUMcbevLPX70FBvRst9x67arrHnVt4nsptOWSC5glhZXKhZEKk4+NVFutAgTU6yUtjFQVFFdJTd09aDduwzTwtrd3rDoixKfiSx/wCmtVrPexNb5eGbhby27mL2ndbvtIMilV58+vTqOVaFQKlSpUCpUqVBhXEfalxJbXl53UVotmJWWAKDu258O4g8z9KrMPanxnHd+0rqURTGDA0IMf35/ejWv8EcTS23s82jgkMCbi3UPnHuX1+FVG64Y1HT+U8Dx/3qGP8A5sUHeM+L9T4yezk1i2t1a1RlQ2yMoO4gknLH0FVgxQ+rKffRl9Muh/8AHdveo3fpUZ4GQ4dWU+hzQDTbg/lkB+PKvJtpPLB+Bog0S/wg/KpFhp0d33njCbAORBOfvQBDC6nDLVh4E4euOJddGnWk0MMvdNJumJC4X4A0e4Q4TS9uJ5WtGuhCwACqWUHrk/X4VqGk6FPpul6lrHswgeGxmjhXu8OMgZIHpgUGLnVPwzU4yIo5o7afxE5KyBW8uhwce6tSse3izaaRb/QrqOLPgeCVWJHvU4x8iazLiK1hZITZuZdzNuAQZXpgnGfX7ULgtQQVflgdDQQL4m6u57g9ZZGcj4kmo5iIOMj60ZtbJJ7yKBpFjV22l9udo9eXWjOgcLjUdet7MwtPkF2jUY3AUDPZpwwvE3E0VhcyTQW5idzLEAea+WTyq5aBxXoHBXEt4LCaW9te7MT3UsRU5B6IFzuBOPEcdOhq/wCiaJPo2l6neeydw8NpJ3CADm2088fICsP4ntYQEe1m7/vXJbCAY8/Img1W37c9Cl75L3S9QgXmEZAsgYe/mMfesAmTvJGccgzE4PlmiMUPh5n60ktVlnSMbRuYDOP8qAUYiPMfWrf2ZcKpxRxEbK6nltoFt3lMqKDzUqMc+XnXdE4Y/ENbtLLuzN3hJMag5YAZrbdK0ibQ9C1e6Fr7P3dm6xIFx5ZJx8qDPeFeMNG4M13U1gka9sygRbl42jZypPhRRu5E48RI6dKJ692waPxBwpqumz6beWt5c2zxxflkj3EYHi5EfSs94ls7dVjNnKswdm3bUwVxg88ZoRFD4fEeXvGaAW0JJODXnu2HWjEFotxdxQ+FQ7hd+OmfhRvh7hf2/iC2s2iMpYM2wKctgdP0oJfZhwUOKE1K4m1D2GOyRWLtBvDA55/mHTFGOE+0lOE9PvoLeyFwHm3wl1KGQchljk7eQ6YPXrWlW+mSaJwbq7rbG3zFtCIu0hP3jj4E/SsM1yxjuHhXSlmuOTFwqZK4x1x8fQUFi7Re0q2404WtrAabNZXiXYmfLh49oVhybkc+IeQ+NZgYj5YNGEt3QESBhjqG/mK7aWa3d5HAo5yNgbUyfoKAKEIPPFa52ddmR4i4aj1X8UNrJJI6d01tuGAcA53CgvB/CstzxLHbvaNIUjaTY0eM4wOhHvr6H4asG0/S0idO7csWK+nkB9BQS9Ksl07TbWyjOVt4VjBxjOBjNS65XaDlKlSoO1yu0qDlLr1pUqCBd6HpN7n2vTLOYnzeBSfrihNzwJw7cAj2Fov7qZ1A+WcfalSoAt32U6JNkwzTRk+TIjD9AfvQpuye6spTLo2qwwsRgho2UH57jSpUFv4G0C70K0u/xKeKe7uZ+8d4s4wAABzHuqykAggjIPUGlSoBNxwzodw5d9KtBIRgvHGEY/NcGhV72f6FdIV7qVB6bg4H/GDXKVACveyayYiSwu0glVtysbfmMfAgfaiXCPBl/o2unUdTvoroJbtFDt3ZG4gknPwpUqC7EAggjIPUUIuOF9CnkMraVapIeskUexvquKVKgF33Z9oV2DujkX03ESY/4waB3/ZLYy4axuYoJFIKsbfmCPgwH2pUqCXwrwRqWkcQRahqWoxXUUETrCF3btzY5kHkOWavhAIIIyDyIPnSpUAabhTQJJDJ+F28Uh5b4F7tvquKG3nZ/otznwyA/wBcLJj5uCfvSpUAG+7JrRyJLC5hgmRgyP3BBBHwbH2ohwlwbqek6+NR1W+guVigeOERl85YjJOeQ5LXKVBeuRHSoNzomlXTbrjTrV3/AIzEN3160qVAOu+D9IuQQ0cy58u+Lj6NkfagN/2XadOQ9pdezyqcq4to8j6AUqVBP4R4PuNB1Oa9vtS9ucwdxDmPbsXdk+Z9BVvpUqBV3ypUqDlKlSoO1ylSoP/Z	8	5934
thomas.palludan@gmail.com	 Bag cover repair af Samsung galaxy S7	Bag coveret på min Samsung galaxy S7 er splintret og jeg skal bruge et nyt back cover. Ved ikke om jeg kan montere det selv.\n\nDet er ikke en S7 Edge. Det er en almindelig S7. Der er muligvis forskel på de to typer covers.	http://www.mobilerepairsdubai.com/wp-content/uploads/2016/04/S7-Edge-Back-Cover-Replacement.png	9	5935
bjaert@hotmail.com	New Wish	Description		0	1264
bjaert@hotmail.com	Takt og Tone - Emma Gad	Fordi: hvem gad ikke at eje den bog?!	http://www.bog-ide.dk/productImages/486x486/9788793374638.jpg	1	1265
bjaert@hotmail.com	Globus	Fordi globusser er seje!	http://www.scanmaps.dk//media/catalog/product/cache/2/small_image/295x295/9df78eab33525d08d6e5fb8d27136e95/0/0/0001035_1.jpg	2	1266
bjaert@hotmail.com	Bærbar computer	Til studie - behøver ikke at være jordens langsomste, det er mit liv simpelthen for kort til.	https://cdn.pixabay.com/photo/2012/04/13/20/24/laptop-33521_960_720.png	3	1267
bjaert@hotmail.com	BeoLab 90 2 stk.	Bare fordi - DET ER VERDENS FEDESTE HØJTTALERE!	https://cdn0.vox-cdn.com/thumbor/UYbv8CuQM1lTrH5BKYq3-FsBL9E=/0x37:1000x600/1600x900/cdn0.vox-cdn.com/uploads/chorus_image/image/47355160/Bang___Olufsen.0.0.jpg	4	1268
bjaert@hotmail.com	Fiskars Clip-Sharp	Slibefætter til sakse	http://www.fabric-world.com/media/catalog/product/cache/1/image/f9015ef1579f852a738f5f6e87f5e212/f/i/fiskars-clip-sharp-scissors-sharpener.jpg	5	1269
bjaert@hotmail.com	Spændende faglitteratur	Gode og spændende faglitterære bøger. Gerne på engelske.	https://bibliotek.kk.dk/sites/default/files/list_image/news/nyhedsbrev_billede.jpg	6	1270
bjaert@hotmail.com	ZCUT Kettlebell instruktionsvideo	Instrukttionsvideo boxset. Formatet er underordndet, men det er set som DVD på Amazon.	https://pxhst.co/avaxhome/36/93/00369336.jpeg	7	1271
bjaert@hotmail.com	Raclette	Raclette er sejt og lækkert! ;)	https://s-media-cache-ak0.pinimg.com/originals/6f/23/cb/6f23cb9fa7e9f34df9b9c343db4db8ad.jpg	8	1272
bjaert@hotmail.com	De Dybeste Rødder	Bog af Thomas Larsen / HM Dronning Margrethe II	https://bogmarkedet.dk/img/article/a83d1ce1fcd90c8fe2e92629d3b3a32aa7a9efd7.jpg	9	1273
Bipa@ofir.dk	Alu Combi-Wienerstige	ca. 3,9m sammenlagt. \nIkke teleskop.	https://medieserver.jemogfix.dk/api/v1/products/GetPrimaryProductImage?productGroupNumber=2160&productNumber=9020502&shopLanguage=1&previewSize=700	9	6956
Bipa@ofir.dk	Skænk i lakeret bøg	Ikke for dyb. Gerne brugt. 	data:image/jpeg;base64,/9j/4AAQSkZJRgABAQAAAQABAAD/2wCEAAkGBxITEhUQEBIVEBUVFhUVFRUVFRUQFRUVFxUWFxYVFRUYHSggGBolGxUVITEhJSkrLi4uFx8zODMtNygtLisBCgoKDg0OGBAQFysdHR8rKy0tLS0tKy0tKy0rLisrLS8uLS0tKy0tLSsrMCstLS4rNystNS0tLS0rLSsrLS4rLf/AABEIALcBFAMBIgACEQEDEQH/xAAcAAABBQEBAQAAAAAAAAAAAAADAAECBAUGBwj/xABDEAABAwEEBQoEAwYGAgMAAAABAAIDEQQFITEGEkFRkRMiUmFxgaGxwdFikuHwIzKCFCRCU6LSFTNyc8LxQ7IHFuL/xAAZAQADAQEBAAAAAAAAAAAAAAAAAQIDBAX/xAArEQEBAAEDAgQGAQUAAAAAAAAAAQIDERITIQQxQVEiMmFxgaFCFJHB4fH/2gAMAwEAAhEDEQA/AHYERqg0IgUhJqIAoNRAEBJoU2hM0IjQgHARGhMAiNCYSaEVoUWhFaEA4CBeFl5SMsGFVZARGhBKHJy7m8T7KQZL0W/MfZXwE4CDUQyToN+b6KQbJ0B830V4BOAgKg5ToD5vopBr+iPm+iutCmGpkohj+iPm+ikGvypTvyVyiVEwjK5VZCrL1RnckAJXqrJImtEyoyzKbVSCzTYKhDbNc0a1xptw908rycBtVq77GGNp3k7youSpA+RccgVUeKEg7MF0EMeH31LPvmz0pINuDu3f3oxu4ZD1Jii4qTFQFCTxhTfQcUmqbBzm9teAQSU2fhwwUogolWLJESQBmTTvOCZPUtFbPqWWMZVGsf1Go8KJLTgjDWhoyaAOAomVE8UaiBQaiNCRJNRWqDQitCDSARGqLQiNCRptRGhRARGhMJtCK0KDAitQRwFMBIBSAQDgJwE4CeiAQCcBPRSAQDhTomaFMBMkUipUTFAAlKzbU5aE5WXaSlTjKtTlnvkV21FUWuAdzlnVxesFmJxK2Y4affYD5tPYVWuyaOgHKNBNBiQKY547s/0da0w5pBIc0VB2jDmE07uUYP0JSC0MRU++sj0Q7RAHNLTkQtCbVqcRmdo6co9lTmnYM3t4j72qpE7uMnYWuLTmDRJpV2/HxucHMcHHI0x8VQamqDtKLFmTub5lAYjx5HrNOCcKpBb2itm17TENztY/p53osKMLtNAbPWV7+i2ne4+wKYru0kkk0vEWFGaFWa5GY5CR2hFaEJhR2INJoRWhRaEVoSUcBEaEzQpgJGk0IzQoNCM0II4Cm0JAKYamCAUqJw1SAQDUTgKQCkAgGAU6JAKQCCQIUHIrghuCYU5ws21Bak6oTtSpxhW3BZEzlrXkcViTuWdXE2OXNX7fbqmJrdUh2Zx8F0DCuEvuXWmec+cVWJZOiue+Nd2o5vOcSatAoBQUqBkMAtsuXM6OMpLKd1G+P/5XQFyd8xBGlGaVWaUZhUhZYVYZ+UddTxVRpwVx2wbgAqgFgGK9H0Es+rC5/Sf4NA9SV53ZWr1i4bPqWeNvwgntdzvVOFWiks23WyVrqMi1hQY1okq41U0srN/8vBbDpBDJk+h3O5p+vcrcN9Qk0ErK/wCoDzXlLH41RWylDLZ7Ey1BS/xJozXA3DeD+TDMXEk6o3Dd4FdLZYCOc41d4DqCjPOYqxwtbzb0HRPgiNvUdHxCyQFILDq10TSjXF7fCiC9h0SsUBEa1Lq0+lG229x0SjNvcdErCaERqOtR0o3Re46JRBe46J8FggIgBR1sh0cW6L3HRPgpC929ErCAUg1LrZDo4twXwOifBOL4HRKxQwqQYUdbIdHFtC+B0Sn/AMYHRKxwwqWoUdbIdHFqOvkdE8Qhuvj4DxWeY1ExlHXo6OKxLfHweKpT3sej4p3RIEkCOvT6MZNvtjiclkTTO3LoZbIqklhU9an0oxRaiMwuJlfV5OVT5lehW66dZpAJFRmFzTtGng11mkdlPda6erj61nnp30hXA6ge4bXeX/a1uXKq3Zdjo2kE1qe5WzCUXU7+Ymn27iwTgq40rLMW1WrPKcirxylRljY1bOKkDeQrValV7DnXc0n0R4grQ07sg13sZ0nAcTReugUFBsXnWh9m1rQw7G1ce4YeNF6MU4VUP2dsnPNcfvanRYxqCjn1OdSmVXZVy+r4wCcFMnASQ37jt7omDVDamuJFTmcFqN0gl3M4H3WDZB+E3v8AMogKzywxt3XjnY3ItIpTIyOjOfUVocKCuVVpi8Jvh4H3XINfqyRO3SN4E0XYvbiuTXnCzZ1aN5TukLfN8PA+6l/iE3w/KfdMxqnqrn51ttDC8Zvh4H3Ti85/g4H3ThqQalzquMCtV+zsfGyjDyhIrQilBXfirQvSf4OB91laQihs790zRxBC0RXonw91eV+GVOM70cXpaPg+U+6mL0tHwfKfdVxrbGnw90mWfna5a4uoR+YUoaVFK02BRyq+MXG3jaN7Pl+qI28LRvZ8v1QWB3RPFvuita7oni33U86rjFeK+7SZ3Q1ZzWNfXU3mm9Xv2609JvyD3WRYx+/S1FPwY/8A2duW2Qqzy22+yccd0P2209NvyBS/abR02/I1TbmplRzquMVjaLR/MHyN9lC02idrHO5Qc1pd+RmwV3K05U79fSzzHdE//wBSqxytsLLGSA3Vap5YWSOkoXNDqBjAMe5WgJf5p+Vn9qFcrNWCJu6Ng/pCtkp5Zd6MZ2D1ZP5ruDf7UGUv/mv4geQVkuVOeREtFkUp5ZP5r/mK56/LbIxzQ2R+IJPOJ3U9VszPXLX3JWWm5oHiSuvQm+Xdy612x7GFtkOb3HvK07A4nM1WJCt27GLs2jk3rprCaRuO+gVyxCpChFd0nJigBFSag4K7dNmOvRyA7nQWy015DuDR34nyC3b3viKzNDpSRrGjQBUmmaHo9ZtSEb3En0HgFyX/AMlQyyyRMjY5waMdXHnPPVjkE5Eujs+kkEg1hWlSMgPVJVtG7kDYAHsxz52ByAy7kle2Ke75NARWR1V5lxWgmgjJIzALfdBmsz2Cr2ubsxaQK7qnapUuWVn4Te/zKYI1kFYm9iCpogVr/KTuoeBXbNdUNdvAPEVXGSirSOorqbmk1rPEfgA4Yei5PFTtK6fD3vV9imhsRVxOw7U6TU6SmdpQPwmO6MsZ8aeq02yDeOIWdpSP3V53Fh4PateJ2APUFd+SflE+aoiVu8cQoh7i4HWAaK1bQGu412KyCocq7WAa2orznVpTA0oNuNFCxWyhFbJ94p2OKKwlJTEsx/fpv9mPzctglZMZ/fpv9qLzctVPU9PtE4eogTkqFU5ULJxWZpU+lkm62U4kD1WgSsjS137u4dJ0beLwr0/mic/lrSs2DWjcAPBS1kMPQnPSvmJ5CvkVC0SIkkiz7RIrxibQZXrlrc+srz104Ci6CV65fXqSd5J4ld3h55uPxF7LVnC6C7xgsGyjFdDY8Auqud1Gi9/vgdU0e0mjmuFWuHXuPWvT7ugsVrbykbQ12FQDquaesDDvXi0OQW5c95vhcHxuLSPuhG0Kdzse2xsoABsACbkRra1Md6yNHdIY7S0A0ZJTFu/rbv7Ni21SNiSSSQHh/wCyxSQmdodrRg6pOB5p3DBCvGcWiINkkiAcPxIyC2tCcdbHcrNzySNjLG2d0vOJxFGkYbTmuW090ucWusYiYx+T3ChLRnqt3E7eopKYEOpqnkxRms8Nx1ubrHVx24UVN4xRLpP4Q7T5qM4xTqYit3RZ/wCBq9Fzh419VhLV0Vd/ms+IO4j6Ln8RN8G2jfib7EVCAxRQvOd6bU6ZqcpGraQNrZZR8NeBB9EaxYsYanFrdp3DrQrxicYpakapicA0DGtDjVPczqwxn4G+Sv8Ah+Uz5l0RDr4n3RBEPslM1yiYgSHOJ5pqADQVoRiNuahY7YRuRGwt3BMHdamJBvQbHswAts1P5UXmVrg5LCLC61zAOLaxRYilczktkOyT1PT7QsPUUFJxQw5M9yjZe6RdisbSR1Wxt3zxjgSfRaRcsW/XVfA3fLXg0rTSnxM9T5WqXoLnoLGhooK5k4knEnHNQe9LY90pZFnWiRGmkWfM9a4xNodqko1x3A+S5+LILVvJ/wCG7roOJWSxd2hO1cWve8aViGK6CIYLCu8Yrej2LWsYuMV2MqlBmrjSpUu2S1OYQ5pIINRQ0x3r0fRjSxstI5iGvyDsg7qO4ry2qLZ7QQU4Vj3lJeZXfplNGwMqHUyLgXGm6tUlSdnE6XaZWmzVgDoxKRiGgO5MHKpx52OX2fKpZC4lxJJJJJOJJJqSTvRbZO57i5xLiSSSTUknMkqsUE27mkGoQTtPop2l4rms+7H5gmisTvG8cUUJCQLS0Zk/HeOkyvAj3WHyg3q/cEtLQzr1m8RX0WWrN8a007tlHaFEaokYKTV5b0Im1SootUikoSZtWOG9pHgs/RzGzx4VwpwJC0wMO5ZGjUlIA3c54/qK0/hUfybTWDcOCc6ozoNmNM9gCG2XrUXBpILhrUoRUVoRtULW2t6hwRGjqCriXqPAqQlO48Cg2Uw/vk3+1F5laOssuF373N/txf8AJaOsnn5/gsPJPWUXuTVUHuUrMXLGvR1bRZxu5V3BoHqtRzljWx1bVH1RvPFwHor0/P8AFZ5+S/I5V3yJ5Xqs96ch1CaRU3uU5XquXLbGIqner+aBvcFRZmi3q7Fo7T5IUGPau3Sm2Lh1bvk2LtC24zj3LGu4LWiOaMkxcY+gqoOcTkTxKFaH0AH3sHulHJX73IgqzBaj+V3E7UcSKg9oPb3qDJiDQmvWnC3bDZ0lRbMkqDzUqJUyFEhCRLMMe5WuSBULDZiedTBXxCQptVIznxKxdx1ZY3bnt86Ihiqgvwx3UPAqb3mxztXolME7FSZecNBWVgw6QTC94Af81nGq824ZezvmU92gEQrKN+Wcf+UdwcfRJ2kNm/mf0P8AZLp5e1Pnj7ttmSy9HCRG8bpZR/VVBGk9nA/M4/ocqF1X9DHymsXc6Vzm0aTgaLSaefG9kXUx3nd1YcozWgNprbSAO0mnqsF+lUGwP7mj3UBpZCMdSQ9zf7kujn7K6uHu6QlTDjvXMu0wi2Rv/pHqoDTFn8px/UEdDP2HWw92hCf3yb/RF/yV+q5BukdJnzCOuuGtoXZatdtOtEdpY7+UPmPsry0M7fJOOthPV1dUN5XLO0sfsjbxKE7SmXoM/q90p4bP2P8AqMHUErHkNbWeqIeLisl2ksvRZwPuqRviTXdINUOcA04YUGXmtMfD5TdGWvjXTyvVWR65998zbx8oQn3nKf4vAKp4fIv6jFuPcgkrFN4SdLwCh+2P6XkrmjU3XxHvDF/YFCznGqjCS6pJqUTUoa8VvO3Zz5d7u37FSlR3q9AcAsqxHA9i0oXYjcppwS0vx7MeA+qEHUy3Bo78fJQkdUnrIHE18k2tkesu7hknCX4392xO9td6otkp+lte8/YVtj+87vvuTSCdYYCnFOrBZXP78UkBwNFYsFjMjwwZZk7htKEAuz0fuvk2VI5zqF3UNjUZXYSbiWa62ADAj2RJrA1w5vYMFsRQ0Ug3WdlgMO/as2jnn3BhzSs63aPy/wALdY9VMl3oZQGja02YYqEXOOsRTq3Jbjbd50zRm1H/AMVO1zB6qbNFbUf4B87V6YaAV2KMLMK0xOP34KuY4PPRodatzB+v6IkehdpIrWMV+I/2r0Q11akU6s0XUpQbgAjnT4R563QWehJkjFAT/EfRO3QaSlTKwfpcV6JOOYeug4kD1QXR47fTglzo4Rw40EdhWcYkDBh/uVpugI2zHuYB6ldfLQFtTTH0KstCOdHCOMboDFWhmky2Bo2jqRWaBQV/zJeLB/xXWg8+lD+U+YU9uSOVHCOOj0Gg1iCZCAaVL2jYDkGdasDQey411z+v2AXTR/md2tPFoHop1Ryo4xyX/wBOsurXVcTTpuz4qJ0Ssox5OoqP435HDpda6fHICtCfNRnZgWjCoKXKnxjnXaLWUYciPmefVVLTo7A1wpE2hHXmO/7ousJBAcdoHis+8mnCjSaGtfPwJS3p7RzE9yQ7I2juVP8AwyOn+W3gF1NoiWTPHQ9qVtPaMiS72bGt4BD/AGRvRA7gtR0arubQ9qXKjjGa+yCvNGO4Cp4BWnaOzkV5PiWjwqti6qMbNaCNYxsJA66E+niqMVpdWGSSSaR8gLwGPa2EUqdQtzwWGevnysw27f8AVcZ6nsGjU4bznMbjlUuw3YBXI7gma6go5p/irQNPXXFZAtbnWeyMEhfIZi99XEu1WucTrdVMadS6DQ68WOswYHAykvkcytXDnYV3bFlqaviMMblvL328v2Uxwt2NJcDRhywD8SAQACchhWqTrngiA5ecMqA0Vc2MbzTWz2rnKxSQuDgZLY+SlOdrtIds3AD7wVi2Tlkk5maHz1HJa8ZlaWCoo0ZVOGPantq3tdS/2k9vL6F8Ps0L2u9rA18TtdkjhQ1BwAqKEZjBUGSnMfxO8B/0Fu2yxyvgha1oBawEjBgDi0AADZmsW0WR8RGu2ga3A5gnt4LfwutMsdsst73RqY7XeTsLyje1JVYHgNGtmcUl2M2fo3d3KP13DmtPF2wLuoIu9Y9x2qzhrWRyNwG06pJOZoaLoI8lGSoaTAYZnLtRII6dyEzF1dgwHqfRW6YU2qKpGXAYYVQ48B4BKd+NO73UmNPUabPqUlQ82xg2kDuzPgFcaBRZ1nkJcSRTZvzx8qLQZTPNASOJA+8MUUDFDhGJPVTj/wBBFaEwjax+QddeAPrRRa3ndgU5fzgbm+JP0SbnkgGc3nDsJ8vdGO9QZi7sHmfojgJGA99HVNTzdgrtCmWGvupU536fUJ64phAN5x/0t83JFuPcpO/N+k+BHunwqgKxbzj3Hd1eik9qK9vOHWD6e6dzUgow5EbifHEeak/FOGkPIpgQKdo/7T0Uhk8nhq9E09vCiz7ZEti1NIdhTnDbvH08lStDMTXgmN2K9WLuu8SOJd+VtOqp3KErKEhXLmdg+MmhdlTspxXN4i5Y6duK8e9QgvRhJbZ7M6SOuo57Q1rTsOeLgKrKstps7JgY7IG1lMbXh4JDq0JDDkKHxRYtH5vwo38kWRPLg4F2sQXaxGrljQe6k3RuRoa9sjWS1frOGs4EPrlUZipx61zToY7zl5/W/tV5X0BsltjM0jLPZogSHajjzRIA4NfjTAfny3IFjvKVrWyxw2eJskgiGq061dbHAUFM1fjuGOJ0bmS6paCDrGoJLaHVFebmcENtghbHDGbQ38J5fUFvOJJ68Myq56V8pv8Aff6/6TZkndd7SSzlrnRxUc4GIsIkLccdfacsFVN7Wnkv2kStLeV5MRlgxaDsI2qzHYYg9srrW6RzPylzmYNANRljWufUpWG67JGWuD9fUxaHSAtDjtDa0qi3Tx78fb0LbL3UrNek005g5UxtfM8h2RDGV/DYaZnDFamlMh5NjQDRz888AMqqbbqs1AKV1XGQHXNQ91KmoNd2HUlf1pj5MtLgSKEAGpBGNerDzU4545a2Fwx2k+n7Fm2N3rlp2azjjlhwSRYKBo1szikvZczmgVYs9skZ+R7mdjiPBMkrS0bNpHaWZP1qYc5rT40qtix6ZvAo6JrnHEkOLRTZhimSSuMOWr9j0qiJ/EDmH5geC6KG2NkbrMNR2EeaSSyymzXGoWaCpqa448fpRakbABQJklKhYm4dp+nopszSSQQbql7twoOAB8ypMbjVOkmEoxzj2N9UYA02V7wEkkjDi1tbnUHN2doUg3nfdUkkHEnt5zexw8j6JFJJIFIMu30KZ2SdJAV7QKFp3EDuOCUjUkkUlG3jm16Jr7+FVTtDUkkjjLtbdqqOzSSSoNLbJKUD3cVUfM52JcT2klJJTjhjPKDegStqFTmxFe7vSSWkJCJ1RQ5ZJznTefAfYTpLWMqYY0+JxPcMkq1B+J1O4fQJ0kEHaGkuNNmH3xSSST2J/9k=	10	6957
Bipa@ofir.dk	Rensning af maleri over sofa	eller hjælp/vejledning/midler til at gøre det selv		11	6958
Bipa@ofir.dk	2 store Kelimtæpper	Til spise- og sofabord i grøn/sandfarvet med flot mønster.. IKKE blå.	https://scontent-sea1-1.cdninstagram.com/t51.2885-15/s480x480/e35/c0.135.1080.1080/13743501_1638853753101283_1307573371_n.jpg?ig_cache_key=MTI5NzgyOTkyMDkxNTc3MjE0Nw%3D%3D.2.c	12	6959
thomas.palludan@gmail.com	test			0	5926
thomas.palludan@gmail.com	Tilskud til brugt bil		http://www.naturfakta.se/foto/wp-content/uploads/2012/06/gambil(pp_w880_h589).jpg	1	5927
thomas.palludan@gmail.com	Fisketur + fiskegrej	Vil rigtig gerne ud og fiske med jer igen :D	https://scontent-amt2-1.xx.fbcdn.net/v/t1.0-9/1798647_10152414710577958_5129646117239606566_n.jpg?oh=8de2449124c39621a10992ec496488b2&oe=5A454426	2	5928
thomas.palludan@gmail.com	Chromasquad spil på steam		http://cdn.akamai.steamstatic.com/steam/apps/251130/header.jpg?t=1478022434	3	5929
thomas.palludan@gmail.com	Crosscode spil på steam		http://cdn.akamai.steamstatic.com/steam/apps/368340/header.jpg?t=1498953148	4	5930
thomas.palludan@gmail.com	Gavekort til tøj/skobutik	Gavekort til tøj og sko. I må gerne tage med mig ind og købe :)	http://hobbix.dk/media/catalog/category/t_j_og_sko_1.jpg	10	5936
thomas.palludan@gmail.com	Nyt hus	400 m2, swimming pool, ved havet/sø, internet. Helikopter landingsplads.	https://upload.wikimedia.org/wikipedia/commons/thumb/1/14/Gelbensande3.jpg/1200px-Gelbensande3.jpg	11	5937
hejfelix@gmail.com	God of War ps4 		https://static-ca.ebgames.ca/images/products/725285/3max.jpg	0	6851
hejfelix@gmail.com	Cable Bites 		http://www.dreams6.com/e/products/funidea/cablebite/cablebite_crocodile.png	1	6852
hejfelix@gmail.com	Hoodies	Uden mærkelige billeder/tags. Tøjmærker er okay (e.g. Adidas, Nike etc.)	https://huckberry.imgix.net/spree/products/239558/original/wzIXlEN8mW_flint-and-tinder_10-year_hoodie-navy_0_original.jpg	2	6853
hejfelix@gmail.com	Bose QuietComfort 35	Noise cancelling headphones.	https://cdn.mos.cms.futurecdn.net/badf6c37d6345b2e38e590036d443f43-650-80.jpg	3	6854
hejfelix@gmail.com	Træningsbukser		https://content.sportmaster.dk/sites/default/files/styles/product_large/public/PIM-images/adidas/1427575/adidas-condivo16traeningsbukser-herre-blackwhite-1427575-v1-466917.png	4	6855
hejfelix@gmail.com	Trænings-T-shirt	Åndbart materiale, Large.	https://content.sportmaster.dk/sites/default/files/styles/product_large/public/PIM-images/Hummel/1448153/Hummel-Kinetic_Premium_Tr%C3%A6nings_T-shirt_-_Herre-Black-1448153-v1-450398.png	5	6856
hejfelix@gmail.com	Bosch AdvancedGrassCut 36 Batteridrevet Græstrimmer 36 V	Græstrimmer, 36 volt.  Vi har allerede batteri selv!	https://images.pricerunner.com/product/400x400/1678184660/Bosch-AdvancedGrassCut-36.jpg	6	6857
hejfelix@gmail.com	Microsoft Surface Ergonomic Wireless		https://images.pricerunner.com/product/400x400/1668233461/Microsoft-Surface-Ergonomic-Wireless.jpg	7	6858
hejfelix@gmail.com	Tights	Størrelse L. Det behøver ikke være Björn Borg, men længden og udseendet er godt på billedet.	https://www.fashionhero.dk/shared/5/5700407d3c4c3cdc9e83f19b8579c3b1_h940w940_min.jpg	8	6859
hejfelix@gmail.com	Bælte		https://www.kaufmannstatic.com/Images/102599_sort_0.jpg?i=102599_sort_0.jpg&w=1000&h=1000	9	6860
hejfelix@gmail.com	Philips Wakeup Light		https://imagehvidevarer.bilka.dk/retrievefile.axd?file=215365&mh=350&mw=350&ps=FullSize&q=95&hash=FF02455070413254330516C8BC1F6EEE225FE224	10	6861
hejfelix@gmail.com	Huawei MediaPad M2 8.0	Tablet, 8.0". Uden 4G. 16gb hukommelse er fint.	https://www.androidheadlines.com/wp-content/uploads/2015/06/Huawei-MediaPad-M2_1.jpg	11	6862
hejfelix@gmail.com	Hæve- sænkestel	h: 60cm-XXXcm.	https://jkoffice.dk/22919-large_default/jk-haeve-saenke-stel-krom.jpg	12	6863
hejfelix@gmail.com	Kontorstol	Med høj ryg. Armlæn skal kunne tages af (de behøver slet ikke følge med).	http://www.ikea.com/dk/da/images/products/markus-kontorstol-gra__0324506_PE517017_S4.JPG	13	6864
louisebjaert@gmail.com	Dayspa Hotel Comwell Kellers Park	Den med frokost. Eller noget andet velvære. Med vand. Eller måske en kropsbehandling. Det skal være sammen med min mand.	https://www.comwellkellerspark.dk/files/hotel/weekendophold-hotelophold-topbanners-710x315/ferie-weekend-vejle/vejle-spa-710.jpg	3	7185
louisebjaert@gmail.com	KONSENSUS spil		https://cdn5.arnoldbusck.dk/sites/default/files/xal/5704029000199_2.jpg	4	7186
louisebjaert@gmail.com	HINT hvid		https://www.nordiskspil.dk/wp-content/uploads/Hint-braetspil-opstillet-510x600.jpg	5	7187
louisebjaert@gmail.com	Pole	Til at træne hjemme. Den er sygt dyr, så det regner jeg ikke lige med at få, men jeg har vel lov til at ønske mig den 😆		6	7188
louisebjaert@gmail.com	Kitten	Rød maine coon, der skal hedde Jarvis og være sød.	https://s-media-cache-ak0.pinimg.com/564x/81/eb/59/81eb59648fb07b75787f61ef543dcb8b.jpg	7	7189
louisebjaert@gmail.com	Abonnement på friske blomster 	Så de bliver leveret til døren en gang om ugen eller hver anden	https://amagerblomster.dk/app/uploads/2014/01/foedselsdagsbuket-4.jpg	8	7190
louisebjaert@gmail.com	Pandemic	Spil. Den engelske version. Kan købes i Arnold Busck og i nørdbutikker. 	https://www.hyggeonkel.dk/static/grafik/produktbilleder/pandemic/cache/02-pandemic-for.jpg	9	7191
louisebjaert@gmail.com	Munchkin 	Spil - ønsker også udvidelser. Kan købes i Arnold Busck og i nørdbutikker. 	https://cf.geekdo-images.com/opengraph/img/cut_Fh0do1E2n9EYghCu_bCoi-s=/fit-in/1200x630/pic1871016.jpg	10	7192
\.


--
-- Name: wishes_id_seq; Type: SEQUENCE SET; Schema: public; Owner: trrrjvoppnpdtm
--

SELECT pg_catalog.setval('"public"."wishes_id_seq"', 7192, true);


--
-- Name: secrets secrets_email_key; Type: CONSTRAINT; Schema: public; Owner: trrrjvoppnpdtm
--

ALTER TABLE ONLY "public"."secrets"
    ADD CONSTRAINT "secrets_email_key" UNIQUE ("email");


--
-- Name: users users_email_key; Type: CONSTRAINT; Schema: public; Owner: trrrjvoppnpdtm
--

ALTER TABLE ONLY "public"."users"
    ADD CONSTRAINT "users_email_key" UNIQUE ("email");


--
-- PostgreSQL database dump complete
--

